linha_producao,turno,equipamento_monitorado,produto_quimico,status_sensor,temperatura_processo_c,pressao_linha_bar,vazao_setpoint_l_min,vazao_real_l_min,erro_vazao_pct,vibracao_mm_s,tempo_resposta_seg,consumo_energia_kwh,horas_operacao,umidade_ambiente_pct,ph_produto,condicao_operacional
Linha_C,Manhã,Bomba,Ácido,Instável,28.1,6.6,97.14,92.95,-4.31,3.2,3.72,90.32,1300,51.31,7.48,Normal
Linha_A,Tarde,Válvula,Ácido,OK,45.2,6.48,112.18,116.42,3.78,0.2,2.94,103.86,2241,43.56,7.72,Normal
Linha_A,Manhã,Trocador,Aditivo,OK,41.15,5.22,110.55,114.26,3.36,3.0,3.32,126.09,1622,56.64,5.75,Normal
Linha_A,Manhã,Válvula,Aditivo,Instável,57.56,3.51,96.73,89.59,-7.38,5.42,4.33,133.29,2459,63.29,5.84,Alerta
Linha_A,Noite,Trocador,Ácido,OK,44.19,5.69,108.31,122.8,13.38,2.31,2.39,161.42,3059,64.17,5.67,Normal
Linha_D,Manhã,Bomba,Aditivo,OK,60.33,6.66,94.95,105.81,11.44,1.26,3.6,97.28,1203,55.48,6.48,Alerta
Linha_D,Tarde,Sensor,Solvente,OK,36.39,6.37,106.59,100.23,-5.97,4.15,0.48,107.82,2155,39.32,8.2,Normal
Linha_B,Noite,Trocador,Aditivo,OK,54.63,6.93,104.03,95.92,-7.8,7.28,4.44,146.79,2437,65.84,7.88,Alerta
Linha_D,Manhã,Trocador,Solvente,Instável,47.13,5.48,96.66,94.01,-2.74,2.66,1.38,107.34,1702,50.24,7.68,Normal
Linha_D,Noite,Sensor,Aditivo,Instável,54.01,5.02,72.6,63.13,-13.04,4.12,2.79,135.26,2259,52.05,5.16,Alerta
Linha_B,Tarde,Válvula,Solvente,OK,36.4,4.56,67.79,60.14,-11.28,2.64,3.29,143.73,2665,70.71,8.92,Normal
Linha_A,Tarde,Sensor,Aditivo,OK,36.91,6.52,105.78,114.02,7.79,1.39,3.34,122.36,2307,60.74,4.93,Normal
Linha_D,Noite,Bomba,Aditivo,OK,38.91,6.14,84.17,84.76,0.7,2.68,3.44,142.9,1794,80.41,7.65,Normal
Linha_A,Manhã,Sensor,Solvente,OK,55.28,5.83,108.11,114.11,5.55,2.71,3.54,166.59,2834,59.33,7.27,Normal
Linha_C,Manhã,Trocador,Base,OK,47.26,5.81,125.93,142.4,13.08,2.84,5.39,143.93,3263,59.89,5.09,Alerta
Linha_C,Noite,Trocador,Solvente,Ruído,53.3,5.58,108.86,108.34,-0.48,1.55,4.51,142.81,2255,57.78,5.43,Alerta
Linha_D,Manhã,Válvula,Aditivo,OK,34.51,5.44,94.9,91.2,-3.9,1.28,3.72,160.09,2894,61.34,5.47,Normal
Linha_A,Noite,Bomba,Aditivo,OK,56.53,6.62,111.69,111.78,0.08,1.06,0.66,158.43,2365,56.92,5.28,Normal
Linha_C,Noite,Sensor,Base,OK,53.28,5.04,120.14,128.24,6.74,3.26,2.26,164.17,1247,59.98,7.02,Normal
Linha_B,Tarde,Bomba,Solvente,Instável,38.27,7.57,97.53,99.62,2.14,3.38,4.86,115.36,2722,56.41,7.94,Alerta
Linha_A,Manhã,Sensor,Solvente,OK,37.29,7.56,115.03,101.45,-11.81,4.92,0.4,121.65,2948,66.47,5.44,Alerta
Linha_A,Noite,Bomba,Aditivo,OK,42.71,7.79,101.65,96.92,-4.65,4.78,2.28,112.27,3027,70.38,7.06,Normal
Linha_B,Noite,Sensor,Ácido,Ruído,47.61,7.26,104.72,94.05,-10.19,2.0,2.07,119.48,2056,55.77,5.96,Alerta
Linha_C,Manhã,Sensor,Ácido,OK,41.69,5.26,83.12,75.47,-9.2,2.39,5.41,96.45,4027,56.4,10.18,Normal
Linha_A,Manhã,Bomba,Solvente,Instável,48.18,6.93,94.59,83.37,-11.86,2.21,2.27,101.52,2581,67.54,8.34,Alerta
Linha_A,Manhã,Sensor,Solvente,OK,33.74,5.78,86.99,91.12,4.75,1.2,3.01,122.77,2146,81.05,7.8,Normal
Linha_B,Tarde,Válvula,Solvente,OK,53.75,6.03,93.87,100.32,6.87,2.48,2.09,87.78,1274,52.41,7.69,Normal
Linha_C,Noite,Bomba,Base,Ruído,52.62,6.41,88.42,87.52,-1.02,0.95,1.0,111.89,1521,59.19,7.76,Normal
Linha_D,Manhã,Válvula,Solvente,OK,50.22,5.66,108.49,100.81,-7.08,0.52,2.94,99.29,1684,65.06,5.55,Normal
Linha_C,Tarde,Sensor,Base,Instável,34.83,5.9,83.06,84.2,1.37,4.53,1.94,148.64,1236,91.34,7.69,Normal
Linha_D,Noite,Bomba,Solvente,OK,50.86,6.71,87.96,88.33,0.42,3.27,1.72,153.02,3345,49.86,4.52,Normal
Linha_D,Tarde,Trocador,Solvente,OK,34.2,6.94,101.95,95.05,-6.77,2.05,2.68,138.75,2663,85.92,5.09,Normal
Linha_A,Noite,Bomba,Ácido,OK,54.19,6.77,93.06,86.98,-6.53,4.15,1.99,144.21,641,73.36,6.99,Normal
Linha_D,Tarde,Trocador,Solvente,Instável,33.01,8.69,89.3,88.6,-0.78,4.26,2.41,160.52,2152,64.83,7.19,Alerta
Linha_C,Noite,Bomba,Ácido,OK,41.44,8.24,114.84,113.01,-1.59,5.51,1.71,146.76,2323,39.64,6.43,Normal
Linha_B,Noite,Sensor,Solvente,OK,49.77,6.01,93.81,89.44,-4.66,2.66,2.45,139.29,2150,51.96,7.98,Normal
Linha_C,Manhã,Sensor,Ácido,OK,34.69,6.05,117.77,117.89,0.1,3.56,3.07,90.71,4053,58.47,5.99,Normal
Linha_D,Noite,Sensor,Aditivo,OK,27.75,6.37,83.5,84.3,0.96,2.71,2.38,86.73,1646,72.96,8.41,Normal
Linha_B,Tarde,Sensor,Ácido,OK,38.84,6.61,57.52,62.47,8.61,2.39,3.9,127.1,3291,57.52,7.22,Normal
Linha_B,Noite,Válvula,Ácido,OK,39.18,7.68,98.84,107.64,8.9,4.87,2.6,150.92,2041,68.6,7.17,Normal
Linha_A,Manhã,Válvula,Ácido,OK,39.31,5.15,99.66,97.16,-2.51,4.01,4.22,131.47,3699,63.68,5.76,Normal
Linha_C,Manhã,Válvula,Ácido,OK,43.98,5.24,119.17,122.5,2.79,1.7,3.13,132.58,100,55.3,5.09,Normal
Linha_A,Tarde,Válvula,Ácido,OK,42.37,5.78,84.17,89.61,6.46,3.38,1.9,98.4,2272,66.11,7.7,Normal
Linha_C,Noite,Bomba,Solvente,Ruído,43.4,9.24,100.42,87.69,-12.68,4.3,4.41,111.8,3549,67.7,6.12,Falha
Linha_A,Noite,Sensor,Ácido,OK,35.94,7.37,82.87,83.05,0.22,3.05,3.13,161.83,2535,51.1,3.89,Normal
Linha_B,Noite,Válvula,Ácido,OK,39.3,4.16,103.35,101.09,-2.19,3.22,4.64,119.24,1294,62.55,7.2,Normal
Linha_A,Manhã,Válvula,Aditivo,OK,46.28,6.04,111.66,113.79,1.91,6.98,4.74,120.7,868,84.61,6.14,Alerta
Linha_A,Manhã,Sensor,Base,OK,35.32,3.89,101.27,116.44,14.98,2.0,2.26,106.53,1552,73.41,6.64,Normal
Linha_B,Noite,Válvula,Solvente,OK,33.66,6.38,87.13,85.29,-2.11,2.36,3.68,166.75,1258,84.18,6.5,Normal
Linha_B,Manhã,Válvula,Ácido,OK,42.43,5.7,102.22,108.16,5.81,5.66,2.09,105.52,1149,62.28,4.1,Normal
Linha_A,Noite,Trocador,Base,OK,60.77,7.38,118.36,125.93,6.4,3.55,2.22,145.71,3307,55.03,6.75,Normal
Linha_B,Manhã,Trocador,Base,Ruído,60.27,7.39,110.34,114.69,3.94,3.13,1.91,93.09,2102,51.05,7.91,Alerta
Linha_A,Noite,Válvula,Aditivo,OK,23.89,7.8,89.84,94.26,4.92,1.39,5.09,80.81,1456,54.36,6.03,Alerta
Linha_B,Tarde,Bomba,Base,OK,39.18,6.32,79.9,71.56,-10.44,3.87,4.72,131.21,1303,92.35,8.04,Alerta
Linha_C,Manhã,Trocador,Base,OK,41.59,6.67,98.45,97.69,-0.77,4.22,4.69,116.6,1131,45.65,6.72,Normal
Linha_B,Manhã,Bomba,Aditivo,OK,41.72,7.24,109.7,110.11,0.37,5.15,1.38,153.96,2491,45.48,7.02,Normal
Linha_D,Noite,Trocador,Base,OK,42.32,6.67,101.59,100.54,-1.03,5.43,3.64,143.39,2301,39.93,7.2,Normal
Linha_C,Manhã,Trocador,Solvente,OK,37.87,5.07,87.0,81.87,-5.9,3.92,2.48,157.08,1537,60.95,6.15,Normal
Linha_B,Tarde,Trocador,Aditivo,Ruído,41.11,4.94,85.96,91.01,5.87,2.35,2.15,125.87,3291,60.81,9.6,Normal
Linha_D,Tarde,Válvula,Solvente,OK,33.41,6.52,107.62,107.53,-0.08,1.49,2.76,124.45,1466,58.58,7.38,Normal
Linha_B,Tarde,Válvula,Solvente,Ruído,29.8,4.14,96.59,86.58,-10.36,5.76,3.18,124.13,1649,65.24,6.07,Alerta
Linha_C,Manhã,Bomba,Solvente,OK,33.8,7.78,80.91,76.47,-5.49,2.48,3.06,181.89,2250,61.5,7.55,Normal
Linha_C,Manhã,Sensor,Solvente,Instável,42.68,4.93,87.03,76.33,-12.29,5.26,1.67,116.76,1345,46.57,7.14,Alerta
Linha_B,Tarde,Trocador,Base,OK,47.88,7.28,105.3,94.43,-10.32,4.56,2.54,157.73,2402,58.28,6.83,Normal
Linha_B,Manhã,Trocador,Solvente,OK,61.61,5.71,103.68,108.98,5.11,3.01,3.8,85.27,1100,77.22,6.8,Normal
Linha_A,Noite,Sensor,Aditivo,OK,37.37,4.25,91.23,94.79,3.9,5.63,4.73,76.97,1506,52.09,7.56,Normal
Linha_B,Tarde,Sensor,Ácido,Ruído,50.63,6.21,104.86,117.15,11.72,3.33,3.56,126.66,3215,70.48,5.05,Alerta
Linha_C,Manhã,Válvula,Ácido,OK,42.33,5.58,93.43,84.22,-9.86,5.43,2.32,106.4,2216,57.34,5.79,Normal
Linha_D,Tarde,Sensor,Base,OK,39.82,4.46,81.24,85.27,4.96,3.04,5.12,74.93,2390,69.81,5.07,Normal
Linha_B,Manhã,Trocador,Solvente,OK,48.27,7.12,110.61,114.47,3.49,2.93,3.99,172.89,1729,62.82,5.03,Normal
Linha_B,Tarde,Válvula,Aditivo,OK,41.69,6.04,94.02,98.36,4.62,3.26,2.64,157.0,2685,56.35,3.54,Normal
Linha_B,Noite,Bomba,Ácido,Ruído,36.69,5.84,91.68,96.95,5.75,6.72,1.33,154.41,2014,57.17,6.38,Alerta
Linha_B,Tarde,Válvula,Solvente,Ruído,37.01,7.82,124.06,128.36,3.47,4.07,0.58,132.71,1375,63.89,6.12,Alerta
Linha_C,Tarde,Bomba,Base,Ruído,35.03,4.28,115.03,115.53,0.43,3.39,4.91,148.23,3171,65.05,5.29,Alerta
Linha_A,Tarde,Sensor,Solvente,Ruído,34.22,7.62,102.58,97.0,-5.44,0.89,4.08,109.21,2319,74.03,6.23,Alerta
Linha_B,Manhã,Trocador,Ácido,Instável,46.47,6.71,78.58,86.25,9.76,2.3,2.56,135.33,2886,40.9,8.74,Normal
Linha_C,Manhã,Bomba,Ácido,OK,44.49,6.36,109.65,90.95,-17.05,1.39,3.37,136.24,1947,60.84,7.78,Normal
Linha_C,Noite,Bomba,Solvente,OK,33.93,3.11,97.81,90.41,-7.57,0.2,1.62,161.96,1491,60.51,3.82,Normal
Linha_B,Noite,Bomba,Solvente,OK,30.92,6.48,90.19,90.98,0.88,2.04,4.29,144.81,2426,61.79,6.34,Normal
Linha_B,Noite,Sensor,Ácido,OK,50.45,5.55,72.18,64.48,-10.67,6.49,1.84,110.12,2444,48.77,8.21,Alerta
Linha_A,Manhã,Sensor,Ácido,OK,41.3,7.7,123.2,125.2,1.62,5.22,1.76,108.61,2457,49.01,6.76,Normal
Linha_C,Tarde,Bomba,Solvente,Instável,41.75,5.83,79.38,72.36,-8.84,4.99,4.44,168.26,2585,66.68,7.02,Alerta
Linha_A,Manhã,Bomba,Solvente,Ruído,41.5,4.32,117.93,128.46,8.93,2.67,1.94,108.24,1608,63.6,6.97,Normal
Linha_B,Tarde,Trocador,Ácido,OK,41.76,5.3,99.75,95.64,-4.12,2.42,2.84,105.76,3456,73.0,5.41,Normal
Linha_B,Manhã,Válvula,Solvente,OK,35.54,5.4,83.26,77.22,-7.25,0.75,4.28,134.65,2589,31.4,7.52,Normal
Linha_D,Manhã,Trocador,Ácido,OK,52.07,6.31,106.35,103.46,-2.72,4.79,3.18,89.46,2721,75.94,7.99,Normal
Linha_D,Tarde,Válvula,Aditivo,Instável,51.44,5.57,86.36,89.25,3.35,2.88,4.36,92.73,787,62.61,6.06,Alerta
Linha_B,Manhã,Sensor,Solvente,OK,43.97,7.15,85.79,80.85,-5.76,3.04,1.63,145.74,993,68.79,7.01,Normal
Linha_D,Noite,Trocador,Aditivo,OK,22.08,6.74,95.9,86.72,-9.57,4.44,2.83,141.84,1378,75.81,5.95,Normal
Linha_B,Noite,Sensor,Solvente,Instável,43.18,5.28,92.87,89.85,-3.25,1.62,3.9,138.94,938,72.38,7.26,Normal
Linha_D,Tarde,Trocador,Solvente,OK,43.2,8.02,84.67,75.95,-10.3,4.98,3.31,184.78,1894,57.89,8.62,Alerta
Linha_C,Manhã,Trocador,Base,OK,47.85,6.21,98.9,96.85,-2.07,0.81,3.05,147.03,2387,57.29,8.24,Normal
Linha_C,Tarde,Trocador,Base,OK,46.77,4.8,104.95,103.11,-1.75,0.9,2.5,155.49,2294,65.92,4.55,Normal
Linha_A,Tarde,Trocador,Solvente,Instável,52.62,5.26,112.11,106.68,-4.84,4.96,2.61,101.28,2608,63.76,5.76,Normal
Linha_A,Tarde,Válvula,Solvente,Instável,41.28,7.45,85.26,89.84,5.37,3.9,2.38,120.99,3879,74.49,6.05,Normal
Linha_B,Tarde,Válvula,Solvente,OK,24.04,7.35,94.1,101.61,7.98,3.69,3.71,104.55,1240,31.06,7.72,Normal
Linha_A,Tarde,Bomba,Base,Instável,57.42,6.9,79.41,65.49,-17.53,0.27,1.56,134.92,1502,63.61,6.63,Alerta
Linha_D,Noite,Bomba,Base,OK,58.59,4.86,115.33,128.92,11.78,4.62,2.85,138.53,2863,80.8,6.74,Alerta
Linha_A,Noite,Válvula,Aditivo,OK,47.54,5.09,115.06,115.55,0.43,5.54,3.41,117.43,1687,70.62,5.28,Normal
Linha_A,Noite,Sensor,Aditivo,OK,30.17,5.38,92.62,94.58,2.12,2.79,2.66,127.31,1154,64.02,8.54,Normal
Linha_C,Noite,Trocador,Aditivo,OK,49.7,7.64,119.08,108.68,-8.73,2.65,3.75,144.53,1492,73.73,7.29,Normal
Linha_B,Manhã,Válvula,Base,OK,42.58,5.9,89.79,74.1,-17.47,6.17,2.13,136.2,2266,47.43,4.46,Alerta
Linha_D,Manhã,Válvula,Base,OK,33.19,6.66,88.32,101.95,15.43,2.1,4.0,144.2,2154,61.71,8.38,Normal
Linha_A,Manhã,Sensor,Ácido,Ruído,48.76,4.21,89.51,91.27,1.97,0.2,4.55,125.41,2110,68.35,5.4,Alerta
Linha_B,Manhã,Sensor,Solvente,Instável,64.13,3.33,97.46,106.51,9.29,4.21,2.18,110.96,2341,76.5,7.2,Alerta
Linha_C,Manhã,Trocador,Ácido,Instável,44.2,5.82,101.82,106.65,4.74,2.11,2.15,103.96,2401,58.98,5.86,Normal
Linha_D,Manhã,Sensor,Aditivo,OK,42.87,6.48,93.08,84.45,-9.27,4.56,1.05,106.85,1247,57.06,6.26,Normal
Linha_B,Noite,Sensor,Base,OK,34.3,6.08,105.31,104.4,-0.86,2.28,3.24,142.55,1650,56.68,8.73,Normal
Linha_C,Tarde,Trocador,Ácido,OK,39.68,6.34,104.73,105.2,0.45,2.95,5.46,139.81,2609,61.97,6.51,Normal
Linha_A,Manhã,Sensor,Ácido,Ruído,57.94,5.7,119.97,119.96,-0.01,2.69,2.52,121.43,2375,49.31,6.54,Normal
Linha_C,Tarde,Bomba,Solvente,Instável,40.7,6.14,88.31,87.38,-1.05,2.23,2.84,130.84,1190,66.64,6.66,Normal
Linha_B,Tarde,Sensor,Solvente,Instável,38.63,6.39,110.84,116.27,4.9,3.47,0.74,90.64,2007,70.01,7.09,Normal
Linha_A,Manhã,Bomba,Solvente,Instável,38.88,5.51,97.8,91.18,-6.77,5.67,2.04,130.65,2244,76.25,8.21,Normal
Linha_A,Noite,Bomba,Aditivo,OK,45.63,4.49,109.67,102.01,-6.98,1.74,3.98,135.6,1181,79.92,7.96,Normal
Linha_B,Tarde,Válvula,Base,OK,34.27,5.58,106.83,103.16,-3.44,4.0,4.23,104.53,100,46.2,7.29,Normal
Linha_B,Manhã,Bomba,Solvente,OK,46.76,7.32,70.13,72.17,2.91,2.44,4.0,139.07,1419,71.33,8.21,Normal
Linha_C,Manhã,Trocador,Ácido,OK,36.52,3.3,104.93,100.04,-4.66,3.15,4.4,103.25,2827,49.8,6.91,Normal
Linha_B,Noite,Válvula,Ácido,OK,48.26,5.19,79.94,78.07,-2.34,4.71,2.62,141.82,1132,51.29,7.86,Normal
Linha_C,Tarde,Bomba,Base,OK,56.75,5.9,107.91,114.44,6.05,3.41,2.38,130.02,2244,68.94,7.85,Normal
Linha_B,Noite,Bomba,Ácido,OK,38.84,4.32,104.23,108.87,4.45,5.94,5.2,149.26,1233,58.96,7.25,Alerta
Linha_D,Manhã,Bomba,Ácido,OK,45.74,7.65,96.87,93.0,-4.0,0.97,1.98,148.56,1738,78.73,7.08,Normal
Linha_B,Tarde,Sensor,Solvente,OK,49.95,5.7,108.89,88.09,-19.1,0.52,2.81,163.71,3556,57.29,7.72,Normal
Linha_C,Manhã,Sensor,Base,OK,48.56,6.25,106.26,96.89,-8.82,2.89,2.8,118.4,2487,73.31,6.62,Normal
Linha_C,Tarde,Bomba,Solvente,OK,47.28,5.03,116.45,115.72,-0.63,3.73,2.44,148.56,3381,67.42,9.06,Normal
Linha_A,Manhã,Trocador,Solvente,OK,53.52,5.23,81.33,85.07,4.6,5.0,2.64,120.97,299,78.44,7.21,Normal
Linha_A,Tarde,Bomba,Solvente,Instável,23.54,5.77,110.39,103.22,-6.5,2.26,2.65,129.66,2105,64.0,7.84,Normal
Linha_B,Tarde,Válvula,Base,OK,41.84,5.37,90.39,93.81,3.78,3.26,3.25,125.73,2681,63.3,5.02,Normal
Linha_B,Noite,Trocador,Solvente,OK,35.48,5.29,99.4,95.99,-3.43,1.81,2.71,107.22,2368,49.88,7.71,Normal
Linha_B,Noite,Bomba,Base,OK,46.26,4.88,95.16,98.33,3.33,4.86,4.21,132.9,2156,55.56,7.51,Normal
Linha_A,Manhã,Válvula,Base,Ruído,54.03,6.55,97.7,87.95,-9.98,4.84,2.58,157.26,1489,57.97,7.46,Normal
Linha_B,Manhã,Bomba,Base,OK,45.17,4.27,105.16,103.29,-1.78,3.77,2.73,121.57,3078,41.43,9.2,Normal
Linha_C,Manhã,Bomba,Base,OK,38.67,7.18,96.46,94.77,-1.75,3.21,3.21,154.51,1740,57.09,7.31,Normal
Linha_A,Manhã,Bomba,Ácido,Ruído,48.0,6.31,80.0,83.12,3.9,3.27,1.07,65.32,3284,51.13,7.53,Normal
Linha_A,Tarde,Válvula,Aditivo,OK,62.12,5.64,128.07,122.54,-4.32,1.71,2.09,167.3,2180,60.53,7.3,Normal
Linha_D,Noite,Válvula,Base,OK,41.38,6.55,100.99,102.29,1.29,0.8,3.75,100.42,2949,57.69,7.93,Normal
Linha_C,Manhã,Válvula,Ácido,OK,41.89,4.44,95.93,86.88,-9.43,4.66,3.33,139.19,1336,86.55,5.57,Normal
Linha_A,Tarde,Bomba,Solvente,Instável,46.84,5.7,113.13,109.8,-2.94,4.06,3.01,162.65,2178,48.0,4.88,Normal
Linha_D,Noite,Válvula,Base,OK,42.27,4.68,94.79,76.65,-19.14,3.87,3.4,93.18,2701,44.61,6.95,Normal
Linha_A,Manhã,Bomba,Aditivo,Instável,50.94,5.82,91.42,86.19,-5.72,2.26,1.56,137.32,1505,42.34,8.31,Normal
Linha_B,Noite,Válvula,Base,OK,33.87,5.19,123.87,115.49,-6.77,1.51,3.15,160.8,1319,58.7,5.27,Normal
Linha_D,Manhã,Trocador,Aditivo,OK,38.76,4.61,95.07,98.45,3.56,4.57,2.15,131.01,1689,69.5,7.25,Normal
Linha_A,Manhã,Sensor,Aditivo,OK,23.84,4.73,122.74,117.16,-4.55,3.77,3.39,125.61,1720,65.83,6.71,Normal
Linha_D,Tarde,Sensor,Solvente,OK,43.77,6.21,130.54,133.0,1.88,2.93,4.88,128.94,3369,65.48,4.42,Normal
Linha_A,Tarde,Válvula,Solvente,Ruído,44.95,5.04,81.41,83.51,2.58,5.25,1.41,134.36,560,90.96,7.05,Normal
Linha_A,Manhã,Sensor,Ácido,OK,37.26,4.52,77.56,74.77,-3.6,5.97,4.8,141.68,1643,79.92,5.83,Alerta
Linha_C,Tarde,Sensor,Ácido,Instável,36.18,6.0,98.19,99.71,1.55,5.91,2.16,141.69,3212,81.1,4.77,Alerta
Linha_D,Tarde,Bomba,Ácido,OK,45.3,6.3,114.65,130.71,14.01,2.57,3.53,113.27,1980,64.02,9.18,Normal
Linha_B,Noite,Válvula,Aditivo,OK,64.82,5.72,89.1,85.92,-3.57,4.21,1.74,118.12,3093,65.81,6.42,Normal
Linha_A,Noite,Bomba,Aditivo,Instável,32.75,4.43,91.35,82.18,-10.04,4.8,2.52,150.22,2097,79.95,8.09,Alerta
Linha_B,Manhã,Sensor,Base,OK,46.79,7.12,79.13,74.54,-5.8,1.07,1.53,163.25,1782,55.53,5.89,Normal
Linha_A,Noite,Trocador,Aditivo,OK,41.44,5.81,116.92,118.93,1.72,7.46,4.42,126.35,3358,66.61,8.18,Alerta
Linha_B,Tarde,Sensor,Base,OK,22.83,7.43,87.46,91.06,4.12,2.42,5.37,121.03,2545,37.52,6.62,Normal
Linha_C,Noite,Bomba,Ácido,OK,50.27,5.75,85.53,84.39,-1.33,4.72,2.24,139.84,2054,42.08,7.21,Normal
Linha_B,Tarde,Válvula,Base,Instável,44.1,6.89,111.78,111.11,-0.6,4.47,2.5,152.42,1262,57.14,7.63,Normal
Linha_C,Manhã,Válvula,Base,OK,37.12,4.04,108.87,107.78,-1.0,5.27,4.37,132.68,1930,72.63,6.25,Normal
Linha_D,Noite,Trocador,Ácido,Instável,42.16,5.47,100.56,81.96,-18.5,3.11,1.95,131.95,1582,45.73,5.46,Alerta
Linha_B,Noite,Válvula,Solvente,OK,38.04,5.37,84.2,88.1,4.63,1.88,1.36,150.7,1353,69.55,7.18,Normal
Linha_A,Noite,Trocador,Base,OK,54.05,7.81,94.15,95.19,1.1,3.41,3.75,140.56,2858,67.17,5.82,Normal
Linha_D,Noite,Bomba,Solvente,OK,36.26,5.24,89.76,92.99,3.6,3.69,2.93,154.6,1323,49.97,6.14,Normal
Linha_D,Noite,Sensor,Solvente,OK,29.94,4.51,94.98,102.2,7.6,1.58,4.47,131.08,1184,60.5,7.47,Normal
Linha_A,Tarde,Válvula,Solvente,OK,42.61,5.28,114.67,119.79,4.46,5.43,2.91,123.82,2913,76.25,6.88,Normal
Linha_D,Tarde,Válvula,Base,OK,37.38,5.04,105.33,113.42,7.68,0.2,0.83,121.9,2062,83.01,6.01,Normal
Linha_B,Tarde,Bomba,Solvente,OK,57.1,5.84,81.06,81.18,0.15,4.32,5.26,99.94,705,67.96,5.71,Normal
Linha_A,Manhã,Válvula,Base,OK,41.38,4.77,78.19,74.24,-5.05,5.18,2.48,141.99,2413,71.53,6.69,Normal
Linha_A,Noite,Válvula,Base,Instável,53.64,4.82,103.27,107.62,4.21,2.51,3.67,116.29,1429,37.61,10.4,Normal
Linha_C,Tarde,Bomba,Ácido,OK,42.02,6.69,106.27,94.73,-10.86,0.7,2.97,165.0,2036,60.52,5.12,Normal
Linha_A,Noite,Válvula,Aditivo,OK,31.4,3.38,88.93,97.96,10.15,3.14,1.38,106.89,2446,53.72,6.45,Normal
Linha_C,Tarde,Sensor,Aditivo,Instável,61.86,6.66,84.51,82.01,-2.96,3.09,0.73,128.46,3411,63.82,6.25,Alerta
Linha_A,Manhã,Sensor,Aditivo,OK,37.82,6.93,75.18,78.09,3.87,2.69,4.37,108.98,2551,71.4,6.94,Normal
Linha_B,Noite,Trocador,Aditivo,OK,39.2,6.92,109.2,104.09,-4.68,1.42,3.61,127.34,1282,47.87,7.27,Normal
Linha_A,Tarde,Trocador,Base,Ruído,53.47,4.05,105.89,106.07,0.17,8.04,5.13,103.74,3028,72.22,6.45,Alerta
Linha_C,Noite,Trocador,Solvente,OK,53.16,4.24,105.02,111.17,5.86,3.17,3.12,103.37,1680,48.77,6.31,Normal
Linha_B,Noite,Válvula,Aditivo,OK,47.83,5.72,106.54,99.05,-7.03,2.41,3.13,125.23,1364,36.97,8.47,Normal
Linha_B,Noite,Bomba,Solvente,OK,47.22,5.93,91.63,81.7,-10.84,2.47,2.43,142.4,2495,71.96,6.48,Normal
Linha_D,Noite,Bomba,Ácido,OK,58.96,4.14,99.84,98.49,-1.35,4.23,0.98,166.68,2379,79.9,7.17,Normal
Linha_B,Noite,Válvula,Aditivo,Instável,56.69,7.09,90.85,83.5,-8.09,3.51,3.78,163.46,1120,77.25,4.09,Normal
Linha_C,Noite,Bomba,Solvente,OK,50.92,7.73,91.51,102.02,11.49,1.17,2.64,98.48,2661,54.4,4.97,Alerta
Linha_C,Noite,Bomba,Ácido,OK,44.86,5.18,67.97,66.09,-2.77,2.58,2.94,120.53,2000,67.21,7.0,Normal
Linha_C,Manhã,Trocador,Ácido,OK,25.63,5.49,96.92,96.08,-0.87,3.99,3.08,176.72,3405,44.06,5.71,Normal
Linha_D,Noite,Sensor,Ácido,OK,46.35,7.85,104.91,104.41,-0.48,2.6,4.46,115.48,1092,62.69,6.49,Alerta
Linha_C,Tarde,Bomba,Ácido,OK,39.61,6.23,109.01,102.1,-6.34,4.67,2.71,121.67,1679,78.23,7.83,Normal
Linha_A,Noite,Trocador,Ácido,OK,57.98,6.22,83.46,76.35,-8.52,3.9,2.1,115.33,2916,85.19,7.56,Normal
Linha_B,Noite,Válvula,Aditivo,Ruído,42.35,6.08,120.88,136.68,13.07,4.91,2.9,141.48,2214,45.23,6.77,Alerta
Linha_A,Tarde,Bomba,Solvente,OK,41.58,3.67,116.56,130.08,11.6,4.62,5.18,151.6,1900,59.08,4.32,Alerta
Linha_A,Tarde,Sensor,Solvente,OK,40.97,4.75,87.45,84.05,-3.89,4.1,3.27,131.8,2426,62.88,8.05,Normal
Linha_C,Manhã,Trocador,Ácido,OK,48.24,7.33,89.01,89.0,-0.01,5.89,3.05,112.0,252,65.6,6.72,Normal
Linha_B,Tarde,Sensor,Solvente,OK,40.83,4.61,109.05,113.57,4.14,1.13,2.54,148.98,2282,71.71,6.69,Normal
Linha_B,Noite,Trocador,Solvente,OK,48.93,7.08,97.12,93.63,-3.59,0.86,2.54,132.65,1783,51.34,7.14,Normal
Linha_D,Tarde,Trocador,Ácido,Ruído,54.69,6.58,91.39,83.57,-8.56,2.02,1.64,96.83,862,64.55,6.47,Normal
Linha_B,Noite,Válvula,Ácido,OK,44.88,4.9,90.18,90.37,0.21,2.78,2.25,106.53,2513,49.36,4.43,Normal
Linha_B,Tarde,Trocador,Solvente,OK,49.88,6.72,94.9,98.28,3.56,3.01,3.09,158.56,1837,86.39,8.27,Normal
Linha_D,Manhã,Trocador,Ácido,OK,49.25,6.46,115.65,125.05,8.13,0.43,1.43,162.5,2965,39.47,5.58,Normal
Linha_C,Manhã,Bomba,Base,OK,49.39,7.99,91.95,103.26,12.3,5.5,2.67,127.87,2448,35.47,4.81,Alerta
Linha_D,Tarde,Bomba,Aditivo,OK,31.46,6.07,96.62,98.69,2.14,3.35,1.47,147.44,2138,44.84,8.19,Normal
Linha_B,Noite,Bomba,Aditivo,OK,37.57,6.06,112.16,117.08,4.39,3.64,1.86,151.14,2126,54.85,6.77,Normal
Linha_A,Manhã,Trocador,Base,Instável,46.86,4.67,118.36,119.06,0.59,1.52,2.36,120.14,2830,62.72,7.35,Normal
Linha_A,Tarde,Válvula,Aditivo,OK,47.36,8.02,94.37,105.66,11.96,2.91,2.89,121.57,893,67.03,5.15,Alerta
Linha_A,Tarde,Válvula,Solvente,OK,44.73,3.47,89.84,82.31,-8.38,2.66,2.77,139.56,3172,61.48,7.3,Normal
Linha_A,Manhã,Sensor,Solvente,OK,24.02,6.03,102.65,111.63,8.75,3.76,4.55,145.75,2578,65.9,7.61,Normal
Linha_B,Noite,Trocador,Base,OK,35.66,6.3,107.25,98.1,-8.53,5.06,4.4,105.15,3298,65.17,9.51,Normal
Linha_C,Tarde,Bomba,Aditivo,OK,27.56,6.37,85.61,88.38,3.24,3.44,2.64,121.86,1863,37.39,5.79,Normal
Linha_A,Tarde,Sensor,Solvente,Instável,56.99,6.39,133.69,140.87,5.37,2.06,2.67,146.02,1829,46.98,4.52,Normal
Linha_B,Noite,Válvula,Solvente,OK,30.81,5.81,89.78,89.73,-0.06,3.86,1.99,164.91,1432,62.89,5.21,Normal
Linha_B,Tarde,Válvula,Aditivo,OK,44.33,7.69,111.03,108.93,-1.89,3.55,4.86,122.17,2668,51.27,5.94,Alerta
Linha_B,Manhã,Bomba,Base,OK,49.89,7.16,88.09,94.17,6.9,1.9,4.31,110.68,1554,55.71,9.79,Normal
Linha_A,Tarde,Válvula,Solvente,OK,36.14,6.99,111.01,110.94,-0.06,3.31,1.71,116.03,2618,60.43,5.93,Normal
Linha_B,Noite,Bomba,Ácido,OK,32.93,8.59,126.01,119.52,-5.15,0.52,2.79,118.12,2344,70.08,8.28,Normal
Linha_D,Noite,Trocador,Base,Instável,41.97,5.13,92.46,85.44,-7.59,3.35,4.51,125.31,1902,73.46,7.43,Alerta
Linha_D,Tarde,Trocador,Solvente,Instável,25.52,5.67,74.15,68.71,-7.34,0.2,2.44,96.38,2057,72.5,5.46,Normal
Linha_B,Tarde,Sensor,Ácido,OK,42.21,6.1,106.28,109.65,3.17,2.62,2.36,147.04,2690,59.09,7.4,Normal
Linha_B,Manhã,Bomba,Solvente,OK,37.78,4.41,99.22,90.87,-8.42,4.57,4.1,77.19,1988,95.0,6.31,Normal
Linha_B,Manhã,Trocador,Solvente,OK,46.18,7.23,75.38,79.77,5.82,2.42,2.2,88.41,2543,64.91,5.51,Normal
Linha_B,Manhã,Válvula,Ácido,Instável,26.84,5.44,122.31,115.72,-5.39,3.61,5.52,113.45,624,60.17,8.96,Alerta
Linha_C,Tarde,Válvula,Base,OK,48.21,6.01,91.85,93.86,2.19,3.68,3.33,142.23,1360,55.86,5.48,Normal
Linha_C,Noite,Sensor,Ácido,OK,50.94,6.34,81.37,76.68,-5.76,2.94,2.38,109.36,1700,70.43,6.75,Normal
Linha_B,Tarde,Válvula,Aditivo,Instável,36.07,5.88,123.83,118.6,-4.22,1.35,0.4,136.75,2804,71.64,8.0,Normal
Linha_A,Manhã,Trocador,Aditivo,OK,46.04,4.82,101.66,101.96,0.3,1.34,3.88,129.54,1708,62.39,6.18,Normal
Linha_C,Noite,Bomba,Solvente,Ruído,42.61,6.25,105.46,101.24,-4.0,2.0,1.29,87.1,2524,57.12,7.74,Normal
Linha_B,Noite,Bomba,Ácido,OK,55.75,4.65,105.23,108.5,3.11,3.97,3.34,157.7,1731,54.84,6.88,Normal
Linha_D,Manhã,Sensor,Solvente,OK,49.12,5.93,128.0,123.24,-3.72,4.9,3.33,124.26,1361,72.31,5.66,Normal
Linha_B,Tarde,Válvula,Aditivo,OK,42.43,5.44,100.85,86.58,-14.15,1.72,3.57,129.71,1904,86.27,9.22,Normal
Linha_A,Manhã,Bomba,Solvente,OK,29.27,6.54,82.86,67.9,-18.05,2.25,1.07,93.9,1934,53.54,7.95,Normal
Linha_C,Manhã,Válvula,Aditivo,OK,32.26,6.48,60.41,49.44,-18.16,2.71,2.09,125.27,2587,45.98,8.84,Normal
Linha_D,Tarde,Trocador,Solvente,OK,39.28,5.58,90.74,96.82,6.7,5.58,3.54,149.12,2653,50.89,7.95,Normal
Linha_B,Tarde,Bomba,Aditivo,OK,36.31,6.59,120.44,121.09,0.54,2.32,3.63,122.2,2739,71.21,6.95,Normal
Linha_D,Noite,Bomba,Base,OK,37.71,6.66,88.9,80.69,-9.24,4.95,4.72,107.02,3082,51.88,6.47,Normal
Linha_A,Manhã,Sensor,Aditivo,OK,52.13,6.62,89.78,86.43,-3.73,2.7,2.04,126.69,2199,63.59,4.78,Normal
Linha_A,Tarde,Bomba,Base,Ruído,44.53,4.31,118.79,126.06,6.12,2.8,1.27,127.32,1122,76.54,6.22,Normal
Linha_B,Manhã,Válvula,Aditivo,OK,51.17,3.07,106.0,96.26,-9.19,2.48,0.99,149.46,1311,49.76,7.57,Normal
Linha_B,Tarde,Válvula,Solvente,OK,43.18,5.82,90.72,94.24,3.88,3.03,3.05,154.99,1884,59.84,6.0,Normal
Linha_D,Tarde,Sensor,Base,OK,42.02,3.41,102.97,108.51,5.38,1.58,4.21,156.3,2985,60.39,6.1,Normal
Linha_D,Noite,Bomba,Ácido,OK,37.55,6.23,98.74,87.7,-11.18,3.13,2.3,129.15,1442,67.36,7.47,Normal
Linha_B,Tarde,Bomba,Aditivo,OK,33.49,4.22,104.99,102.92,-1.97,1.8,2.19,170.44,1305,69.52,7.46,Normal
Linha_C,Manhã,Bomba,Ácido,OK,44.22,6.36,99.53,87.11,-12.48,3.22,3.9,80.31,2383,40.59,4.79,Normal
Linha_C,Manhã,Sensor,Aditivo,OK,54.29,4.6,101.91,107.93,5.91,0.28,2.96,143.57,1715,70.87,5.49,Normal
Linha_D,Manhã,Trocador,Aditivo,OK,42.5,3.64,81.33,77.19,-5.09,2.26,2.59,120.25,2837,54.73,5.44,Normal
Linha_A,Noite,Bomba,Solvente,OK,49.01,3.68,109.44,99.42,-9.16,2.83,2.31,85.7,1776,45.21,5.11,Normal
Linha_C,Noite,Válvula,Solvente,Instável,35.12,6.1,105.65,106.0,0.33,2.53,3.02,105.09,1966,61.58,7.8,Normal
Linha_D,Manhã,Sensor,Solvente,OK,40.41,3.62,106.86,105.71,-1.08,0.33,2.54,133.72,2058,62.0,7.46,Normal
Linha_C,Noite,Sensor,Aditivo,Instável,42.85,6.55,107.2,109.5,2.15,3.56,3.53,134.18,1979,73.1,8.24,Normal
Linha_C,Tarde,Trocador,Ácido,OK,44.84,6.12,97.77,86.98,-11.04,0.85,1.96,118.5,1597,51.73,5.64,Normal
Linha_D,Noite,Bomba,Base,OK,42.69,7.46,94.09,107.89,14.67,6.57,3.2,134.21,1431,75.29,5.76,Alerta
Linha_A,Manhã,Trocador,Base,OK,42.85,7.39,53.91,56.48,4.77,5.44,1.95,114.97,2468,66.99,4.87,Normal
Linha_A,Noite,Válvula,Solvente,OK,41.23,7.51,100.1,93.28,-6.81,6.25,1.38,144.41,1898,54.98,9.52,Alerta
Linha_A,Tarde,Sensor,Solvente,OK,47.05,4.59,56.56,67.41,19.18,3.29,3.82,135.7,2038,63.89,6.66,Normal
Linha_C,Noite,Bomba,Solvente,OK,46.27,5.39,103.27,103.88,0.59,0.21,2.75,101.74,1131,68.56,5.15,Normal
Linha_B,Tarde,Válvula,Base,OK,39.87,6.76,108.15,101.97,-5.71,6.23,2.1,132.49,2066,71.05,4.61,Normal
Linha_A,Noite,Válvula,Aditivo,OK,36.38,5.33,107.57,104.8,-2.58,3.67,1.54,148.1,2393,61.66,5.76,Normal
Linha_B,Manhã,Trocador,Base,OK,36.91,6.03,95.42,98.68,3.42,6.25,2.4,111.16,2573,62.4,5.82,Normal
Linha_B,Noite,Trocador,Aditivo,Ruído,56.62,4.4,110.08,113.81,3.39,5.34,4.33,94.24,3431,74.57,7.18,Alerta
Linha_B,Tarde,Trocador,Ácido,Ruído,45.65,6.45,117.17,121.16,3.41,3.93,3.18,116.93,1818,66.4,8.42,Normal
Linha_C,Tarde,Trocador,Base,Instável,50.38,5.92,94.61,96.89,2.41,1.72,4.16,143.56,2069,50.17,6.82,Normal
Linha_B,Noite,Trocador,Solvente,Instável,49.6,4.68,96.56,102.51,6.16,1.94,3.66,117.28,1307,49.0,7.08,Normal
Linha_D,Noite,Bomba,Aditivo,OK,43.76,7.33,115.93,115.12,-0.7,3.0,4.37,144.46,1027,66.29,6.28,Normal
Linha_B,Manhã,Sensor,Ácido,OK,45.76,4.61,100.85,98.64,-2.19,3.47,3.12,90.41,2731,66.04,8.35,Normal
Linha_B,Noite,Válvula,Base,OK,46.35,6.53,131.34,130.61,-0.56,3.15,3.87,105.02,1132,56.87,7.01,Normal
Linha_D,Tarde,Válvula,Aditivo,OK,30.96,7.15,94.61,102.9,8.76,3.83,0.86,138.61,2276,66.91,6.35,Normal
Linha_A,Manhã,Sensor,Solvente,OK,46.45,5.85,103.08,104.88,1.75,5.7,3.29,134.83,2647,68.02,10.13,Normal
Linha_D,Manhã,Trocador,Solvente,Ruído,37.6,5.81,85.94,73.3,-14.71,6.33,0.5,121.66,3339,48.7,5.7,Alerta
Linha_C,Noite,Válvula,Aditivo,OK,37.13,7.05,102.17,93.7,-8.29,0.74,4.0,112.55,2716,82.53,7.53,Normal
Linha_D,Noite,Bomba,Aditivo,OK,45.31,7.41,91.49,83.91,-8.29,4.16,6.14,149.48,2855,55.42,5.68,Normal
Linha_A,Tarde,Bomba,Base,OK,65.29,5.8,75.37,75.9,0.7,4.96,2.61,122.12,2617,65.72,6.71,Normal
Linha_A,Manhã,Sensor,Solvente,OK,29.5,5.17,71.2,83.11,16.73,3.63,4.67,166.12,2886,43.3,5.59,Alerta
Linha_B,Manhã,Bomba,Solvente,OK,26.71,4.61,103.38,91.36,-11.63,4.23,3.96,127.73,1640,43.95,8.2,Normal
Linha_A,Manhã,Trocador,Aditivo,OK,43.83,5.13,86.37,73.76,-14.6,2.32,2.64,128.56,3662,50.47,6.4,Normal
Linha_A,Manhã,Trocador,Aditivo,OK,27.02,7.62,96.47,84.41,-12.5,3.55,2.34,115.96,1714,43.02,6.98,Alerta
Linha_B,Noite,Bomba,Ácido,OK,41.85,3.88,97.03,96.06,-1.0,3.17,3.56,154.95,1681,50.49,8.38,Normal
Linha_C,Noite,Válvula,Solvente,Ruído,26.31,5.1,91.9,87.06,-5.27,2.28,3.1,95.64,3070,60.97,8.46,Normal
Linha_D,Manhã,Válvula,Base,OK,46.6,4.32,121.68,127.38,4.68,2.6,3.1,146.55,3771,55.95,7.28,Normal
Linha_A,Tarde,Válvula,Solvente,OK,42.53,4.8,94.79,80.82,-14.74,4.09,2.75,119.34,2738,66.72,5.42,Normal
Linha_D,Manhã,Sensor,Ácido,Instável,35.58,5.98,89.81,92.31,2.78,2.86,2.49,99.51,2728,67.65,4.29,Normal
Linha_A,Noite,Sensor,Aditivo,OK,52.72,5.78,84.13,79.27,-5.78,3.3,1.81,133.04,1702,55.79,6.41,Normal
Linha_A,Manhã,Bomba,Aditivo,OK,44.52,5.4,109.76,117.63,7.17,3.06,1.06,107.02,1924,49.0,5.7,Normal
Linha_C,Tarde,Válvula,Aditivo,OK,48.03,5.95,92.15,92.33,0.2,2.66,2.78,159.96,1421,69.4,7.45,Normal
Linha_A,Tarde,Bomba,Aditivo,OK,33.61,6.1,115.23,109.68,-4.82,1.63,3.29,114.28,1579,48.56,4.78,Normal
Linha_D,Noite,Sensor,Aditivo,OK,45.98,4.12,105.41,95.24,-9.65,1.37,1.19,101.09,3353,63.5,7.58,Normal
Linha_B,Tarde,Válvula,Ácido,OK,33.87,6.01,91.29,99.81,9.33,3.67,2.01,98.22,1150,62.68,4.15,Normal
Linha_A,Noite,Válvula,Solvente,OK,62.0,4.99,104.16,100.26,-3.74,2.75,0.98,165.57,2750,70.17,6.65,Normal
Linha_C,Manhã,Trocador,Solvente,OK,50.4,5.14,105.67,96.01,-9.14,1.42,3.84,133.23,2953,43.83,8.39,Normal
Linha_B,Manhã,Trocador,Base,OK,44.47,5.21,86.4,79.46,-8.03,2.49,4.18,116.73,1995,72.98,6.64,Normal
Linha_D,Noite,Trocador,Solvente,Ruído,51.74,4.45,101.45,101.97,0.51,4.05,2.25,144.69,2268,71.71,6.64,Normal
Linha_B,Noite,Válvula,Ácido,OK,44.27,3.82,103.04,104.37,1.29,4.22,2.77,126.68,100,64.16,8.69,Normal
Linha_A,Noite,Válvula,Base,OK,41.57,5.71,99.26,94.34,-4.96,0.75,3.28,127.0,2253,61.23,4.14,Normal
Linha_A,Tarde,Bomba,Ácido,OK,44.23,6.36,106.7,104.83,-1.75,4.28,2.6,151.79,1476,70.66,6.83,Normal
Linha_A,Manhã,Sensor,Base,Instável,28.64,5.31,96.17,92.73,-3.58,0.4,3.55,145.92,531,33.27,8.82,Normal
Linha_A,Manhã,Sensor,Aditivo,OK,39.46,4.34,120.32,128.6,6.88,2.42,5.05,89.35,2427,74.97,5.57,Normal
Linha_B,Tarde,Válvula,Aditivo,Ruído,44.8,6.25,133.83,128.35,-4.09,4.78,4.1,129.39,1488,56.98,7.08,Normal
Linha_A,Tarde,Válvula,Aditivo,Instável,37.13,7.22,92.54,85.71,-7.38,1.69,3.87,149.23,2004,65.75,7.41,Normal
Linha_D,Manhã,Bomba,Aditivo,Instável,59.74,5.75,71.46,62.91,-11.96,4.86,5.11,135.88,2059,41.84,7.2,Falha
Linha_C,Manhã,Bomba,Solvente,OK,40.11,7.78,103.59,101.17,-2.34,3.6,1.38,131.86,2570,55.32,7.23,Normal
Linha_B,Tarde,Bomba,Aditivo,OK,45.02,5.51,104.62,110.34,5.47,6.42,3.32,77.88,1940,64.01,8.74,Normal
Linha_D,Tarde,Trocador,Aditivo,OK,58.9,6.16,100.44,100.15,-0.29,5.95,0.92,154.13,1869,39.91,4.74,Alerta
Linha_C,Noite,Sensor,Solvente,OK,49.36,5.73,80.69,79.99,-0.87,4.01,4.99,111.55,1773,76.99,7.82,Normal
Linha_C,Noite,Bomba,Aditivo,OK,60.19,6.74,103.49,111.07,7.32,3.02,3.78,128.59,1948,71.48,8.54,Normal
Linha_C,Tarde,Sensor,Base,OK,44.29,6.39,110.26,115.78,5.01,5.47,2.81,148.66,2747,77.18,8.37,Normal
Linha_B,Tarde,Válvula,Base,OK,30.9,6.9,86.75,88.02,1.46,3.99,2.35,154.03,2704,68.83,6.63,Normal
Linha_B,Manhã,Sensor,Aditivo,OK,23.14,6.06,124.02,138.36,11.56,4.63,2.22,109.44,1764,65.82,6.77,Normal
Linha_D,Tarde,Sensor,Aditivo,Instável,33.01,6.9,86.68,75.06,-13.41,4.23,2.57,138.64,2070,56.37,5.9,Alerta
Linha_B,Noite,Sensor,Solvente,OK,44.72,6.91,109.3,118.45,8.37,3.86,1.01,117.88,1931,63.55,7.37,Normal
Linha_B,Noite,Válvula,Ácido,OK,50.49,5.67,96.42,101.53,5.3,1.66,2.3,126.39,1290,61.72,6.73,Normal
Linha_B,Manhã,Bomba,Ácido,OK,50.99,5.41,78.04,68.34,-12.43,4.88,2.27,130.31,3599,79.62,6.29,Normal
Linha_C,Noite,Válvula,Aditivo,OK,32.33,3.78,98.45,107.21,8.9,2.43,1.87,154.73,1572,48.8,5.68,Normal
Linha_B,Tarde,Válvula,Aditivo,OK,37.55,7.14,96.84,105.57,9.01,5.71,2.25,117.5,2531,60.97,6.47,Normal
Linha_B,Manhã,Bomba,Base,Ruído,46.59,6.2,135.71,134.34,-1.01,2.55,2.58,167.28,2158,60.68,9.63,Normal
Linha_B,Manhã,Sensor,Ácido,OK,25.21,4.9,113.79,107.6,-5.44,3.61,3.18,137.02,2812,62.16,5.59,Normal
Linha_B,Tarde,Bomba,Base,Instável,35.71,6.51,125.33,120.98,-3.47,5.86,3.88,72.33,441,53.17,4.94,Alerta
Linha_B,Manhã,Trocador,Ácido,Instável,44.74,7.81,119.67,129.57,8.27,4.07,2.42,127.34,2616,67.51,6.66,Alerta
Linha_C,Manhã,Bomba,Ácido,OK,44.3,6.55,99.3,102.82,3.54,2.08,0.53,87.24,2495,66.9,5.19,Normal
Linha_A,Tarde,Válvula,Base,OK,50.39,6.69,90.01,81.98,-8.92,4.98,2.64,136.72,256,48.04,3.72,Normal
Linha_C,Tarde,Válvula,Solvente,OK,43.71,7.11,124.02,134.84,8.72,3.3,1.95,128.58,2297,41.13,6.03,Normal
Linha_A,Noite,Trocador,Aditivo,OK,40.32,6.39,83.19,90.21,8.44,4.58,2.89,128.85,2552,68.54,5.48,Normal
Linha_D,Noite,Válvula,Aditivo,Ruído,35.65,7.13,99.26,90.27,-9.06,2.72,1.13,182.01,1263,48.64,6.51,Normal
Linha_B,Tarde,Válvula,Base,OK,45.33,5.27,90.41,92.46,2.27,3.87,1.9,119.08,1738,64.69,6.42,Normal
Linha_B,Tarde,Bomba,Solvente,OK,40.58,5.7,108.58,108.6,0.02,5.9,1.86,138.74,1942,57.85,7.47,Normal
Linha_D,Noite,Bomba,Solvente,OK,49.03,4.23,126.62,127.36,0.58,3.4,3.26,203.91,1532,63.53,4.81,Normal
Linha_A,Noite,Trocador,Ácido,OK,31.98,5.55,95.75,100.85,5.33,7.01,1.91,155.32,1855,48.77,6.15,Normal
Linha_D,Manhã,Trocador,Base,OK,57.22,5.7,84.18,87.48,3.92,5.51,1.9,135.69,3367,50.45,5.99,Normal
Linha_D,Tarde,Trocador,Ácido,OK,37.2,5.41,113.35,120.18,6.03,4.39,2.48,140.82,2526,69.72,6.09,Normal
Linha_C,Tarde,Bomba,Ácido,Instável,39.65,5.59,76.58,75.38,-1.57,3.57,3.2,124.33,2283,31.8,8.54,Normal
Linha_C,Noite,Bomba,Solvente,OK,48.64,4.02,103.56,101.13,-2.35,2.51,1.94,149.02,2717,72.58,8.69,Normal
