linha_producao,turno,produto_quimico,tipo_valvula,status_sensor,vazao_setpoint_l_min,vazao_real_l_min,erro_vazao_pct,pressao_linha_bar,desvio_pressao_pct,temperatura_produto_c,abertura_valvula_pct,vibracao_bomba_mm_s,ph_produto,consumo_energia_kwh,tempo_resposta_seg,horas_operacao_bomba,status_instrumentacao,acao_ideal_controle
Linha_C,Manhã,Base,Borboleta,OK,104.97,115.78,10.3,6.39,10.17,50.19,58.59,2.47,6.37,120.68,2.18,1257,Normal,Reduzir_Abertura
Linha_B,Noite,Acido,Esfera,OK,97.21,94.74,-2.54,5.79,-0.17,40.75,26.9,3.79,5.83,143.2,3.59,1892,Normal,Manter_Ajuste
Linha_C,Manhã,Acido,Borboleta,OK,100.91,98.73,-2.16,6.26,7.93,37.14,64.77,4.7,7.67,95.72,3.78,2382,Normal,Manter_Ajuste
Linha_B,Noite,Acido,Borboleta,Ruido,100.07,93.17,-6.9,5.42,-6.55,38.45,73.44,3.34,5.59,88.3,2.64,2543,Normal,Aumentar_Abertura
Linha_A,Tarde,Solvente,Esfera,OK,105.38,93.93,-10.87,7.81,34.66,50.91,40.9,6.47,6.54,143.12,4.23,1401,Falha,Aumentar_Abertura
Linha_C,Manhã,Solvente,Borboleta,OK,113.98,113.28,-0.61,4.39,-24.31,45.75,34.54,2.67,6.67,111.73,4.17,2362,Alerta,Manter_Ajuste
Linha_C,Tarde,Base,Esfera,OK,119.77,113.78,-5.0,6.93,19.48,39.3,16.19,3.65,8.55,116.37,3.04,1330,Normal,Aumentar_Abertura
Linha_C,Tarde,Solvente,Borboleta,OK,103.72,103.21,-0.49,7.03,21.21,40.34,50.2,2.08,6.41,84.15,1.98,2896,Normal,Manter_Ajuste
Linha_A,Noite,Acido,Globo,OK,107.07,97.47,-8.97,5.03,-13.28,31.03,44.53,2.71,4.12,110.06,4.38,1120,Normal,Aumentar_Abertura
Linha_B,Tarde,Base,Borboleta,OK,86.19,81.62,-5.3,7.81,34.66,44.72,27.08,3.55,7.35,124.83,2.74,2597,Normal,Aumentar_Abertura
Linha_B,Noite,Base,Esfera,OK,98.95,99.84,0.9,6.7,15.52,29.68,63.15,4.38,6.03,145.47,2.93,1406,Normal,Manter_Ajuste
Linha_C,Noite,Acido,Borboleta,OK,111.28,113.48,1.98,6.67,15.0,47.26,46.9,3.65,6.85,108.03,2.46,3008,Normal,Manter_Ajuste
Linha_B,Noite,Solvente,Esfera,OK,110.39,112.89,2.26,5.83,0.52,42.9,35.64,4.96,6.7,161.46,1.91,2155,Normal,Manter_Ajuste
Linha_C,Tarde,Acido,Borboleta,OK,102.54,94.62,-7.72,5.6,-3.45,58.71,45.02,3.07,6.5,109.94,1.33,1190,Normal,Aumentar_Abertura
Linha_B,Manhã,Acido,Globo,OK,110.64,115.77,4.64,5.61,-3.28,34.3,74.28,2.73,7.67,109.97,3.43,1487,Normal,Reduzir_Abertura
Linha_A,Tarde,Acido,Globo,OK,105.89,101.09,-4.53,6.15,6.03,41.28,65.85,6.99,5.11,158.82,2.02,2269,Normal,Aumentar_Abertura
Linha_B,Manhã,Base,Esfera,OK,114.4,118.2,3.32,7.06,21.72,54.59,52.66,3.75,6.23,129.65,5.86,2432,Alerta,Reduzir_Abertura
Linha_A,Tarde,Solvente,Borboleta,OK,103.47,103.41,-0.06,5.96,2.76,50.34,66.14,2.19,7.55,112.86,1.71,1758,Normal,Manter_Ajuste
Linha_C,Noite,Solvente,Borboleta,OK,95.73,87.47,-8.63,4.98,-14.14,37.13,34.1,2.23,6.12,121.59,1.54,1827,Normal,Aumentar_Abertura
Linha_B,Tarde,Base,Esfera,OK,104.03,102.13,-1.83,6.54,12.76,43.57,55.58,1.88,5.03,154.77,3.31,2255,Normal,Manter_Ajuste
Linha_C,Manhã,Solvente,Esfera,OK,64.83,67.02,3.38,6.63,14.31,42.01,57.65,4.51,7.54,157.26,4.33,1879,Normal,Reduzir_Abertura
Linha_B,Tarde,Base,Esfera,OK,104.59,108.27,3.52,6.39,10.17,43.97,46.54,2.69,8.04,107.03,2.86,1024,Normal,Reduzir_Abertura
Linha_C,Noite,Base,Borboleta,Instavel,56.22,55.37,-1.51,6.47,11.55,37.11,62.84,3.38,6.75,124.07,3.37,1312,Normal,Manter_Ajuste
Linha_C,Noite,Solvente,Esfera,OK,79.32,88.51,11.59,5.56,-4.14,41.37,40.95,3.11,4.64,126.98,0.96,1941,Normal,Reduzir_Abertura
Linha_C,Manhã,Solvente,Esfera,OK,105.42,111.47,5.74,4.96,-14.48,30.81,64.18,4.22,7.58,103.3,2.12,2529,Normal,Reduzir_Abertura
Linha_A,Tarde,Base,Borboleta,OK,105.73,104.19,-1.46,5.02,-13.45,42.95,64.93,2.01,4.97,123.77,1.73,2770,Normal,Manter_Ajuste
Linha_B,Tarde,Base,Globo,OK,86.05,90.55,5.23,4.33,-25.34,45.15,5.0,1.69,7.14,125.12,0.9,2268,Normal,Reduzir_Abertura
Linha_A,Manhã,Base,Borboleta,OK,91.45,103.05,12.68,6.01,3.62,40.41,76.43,3.51,5.82,150.08,2.92,1972,Normal,Reduzir_Abertura
Linha_A,Manhã,Acido,Globo,Instavel,116.45,128.21,10.1,5.72,-1.38,30.69,5.0,4.04,5.52,151.56,0.56,2249,Alerta,Reduzir_Abertura
Linha_B,Manhã,Base,Globo,Instavel,94.19,86.82,-7.82,5.4,-6.9,48.92,43.91,3.67,6.31,117.76,1.48,1400,Normal,Aumentar_Abertura
Linha_C,Noite,Solvente,Borboleta,OK,126.92,121.36,-4.38,3.14,-45.86,44.55,73.46,2.07,6.6,120.29,2.26,1708,Normal,Aumentar_Abertura
Linha_C,Noite,Acido,Borboleta,OK,99.98,108.89,8.91,4.68,-19.31,36.92,49.29,4.15,6.09,139.61,1.97,1306,Normal,Reduzir_Abertura
Linha_A,Noite,Solvente,Borboleta,OK,104.9,98.55,-6.05,6.81,17.41,40.04,28.61,2.16,7.45,112.13,3.2,1051,Normal,Aumentar_Abertura
Linha_B,Noite,Solvente,Borboleta,OK,119.4,111.46,-6.65,5.2,-10.34,31.5,35.31,2.47,6.31,137.95,3.11,2000,Normal,Aumentar_Abertura
Linha_B,Noite,Acido,Esfera,OK,101.57,98.65,-2.87,6.12,5.52,34.82,73.48,1.88,7.88,123.07,3.69,1911,Normal,Manter_Ajuste
Linha_A,Manhã,Solvente,Esfera,OK,87.97,90.49,2.86,4.55,-21.55,38.24,20.41,5.02,7.11,103.67,3.55,2213,Normal,Manter_Ajuste
Linha_A,Noite,Base,Globo,OK,98.68,98.07,-0.62,7.09,22.24,50.6,75.32,4.09,6.03,103.95,3.94,2128,Normal,Manter_Ajuste
Linha_B,Manhã,Acido,Globo,Ruido,99.57,95.67,-3.92,5.67,-2.24,37.52,54.01,4.05,5.85,156.84,2.8,1946,Normal,Aumentar_Abertura
Linha_A,Tarde,Solvente,Globo,OK,83.62,79.57,-4.84,6.06,4.48,46.48,33.54,4.95,4.99,121.56,3.1,2134,Normal,Aumentar_Abertura
Linha_B,Tarde,Solvente,Globo,OK,96.93,92.66,-4.41,7.89,36.03,38.23,44.5,7.14,7.12,161.09,3.31,1774,Alerta,Aumentar_Abertura
Linha_B,Tarde,Acido,Esfera,OK,91.09,85.81,-5.8,7.16,23.45,43.74,36.69,0.81,6.41,113.7,2.94,2048,Normal,Aumentar_Abertura
Linha_C,Manhã,Base,Borboleta,OK,111.09,124.78,12.32,5.52,-4.83,41.01,70.59,2.17,4.19,131.41,2.4,1364,Normal,Reduzir_Abertura
Linha_C,Manhã,Base,Borboleta,OK,100.42,102.21,1.78,5.27,-9.14,48.11,68.18,2.34,6.21,177.64,2.47,2022,Normal,Manter_Ajuste
Linha_A,Noite,Acido,Esfera,OK,96.61,101.93,5.51,5.51,-5.0,38.26,24.06,2.01,5.81,101.74,1.98,2201,Normal,Reduzir_Abertura
Linha_C,Manhã,Base,Borboleta,Ruido,98.73,95.8,-2.97,6.26,7.93,30.99,47.74,1.69,8.53,83.25,3.22,1398,Normal,Manter_Ajuste
Linha_C,Manhã,Base,Borboleta,OK,102.68,101.56,-1.09,5.71,-1.55,32.33,39.46,2.78,4.93,153.3,2.71,1831,Normal,Manter_Ajuste
Linha_B,Noite,Acido,Borboleta,OK,107.4,103.12,-3.99,5.44,-6.21,38.28,78.28,1.5,5.21,106.81,2.14,1426,Normal,Aumentar_Abertura
Linha_A,Manhã,Base,Esfera,OK,88.0,72.09,-18.08,7.12,22.76,33.26,30.7,3.67,8.02,124.54,2.14,1484,Alerta,Aumentar_Abertura
Linha_B,Noite,Acido,Globo,OK,87.5,79.23,-9.45,5.7,-1.72,44.87,83.88,3.27,8.29,112.11,1.59,1125,Normal,Aumentar_Abertura
Linha_A,Noite,Base,Borboleta,OK,113.26,102.4,-9.59,7.87,35.69,38.74,54.4,3.87,5.98,130.9,3.78,2559,Normal,Aumentar_Abertura
Linha_A,Tarde,Solvente,Globo,OK,95.05,81.55,-14.2,5.88,1.38,58.62,34.09,3.91,6.1,104.09,2.88,2439,Normal,Aumentar_Abertura
Linha_A,Manhã,Solvente,Esfera,OK,83.0,75.83,-8.64,7.41,27.76,29.84,42.81,4.04,7.48,121.04,1.94,2122,Normal,Aumentar_Abertura
Linha_C,Manhã,Acido,Globo,OK,105.33,113.28,7.55,6.12,5.52,43.43,40.57,2.68,4.24,134.9,3.61,2983,Normal,Reduzir_Abertura
Linha_B,Manhã,Base,Borboleta,Instavel,105.56,105.29,-0.26,6.67,15.0,34.1,32.06,6.17,4.75,102.82,2.24,1686,Alerta,Manter_Ajuste
Linha_C,Tarde,Acido,Esfera,OK,81.63,89.37,9.48,5.15,-11.21,38.55,56.71,3.53,6.49,109.6,1.39,3619,Normal,Reduzir_Abertura
Linha_C,Manhã,Acido,Globo,Instavel,102.75,105.22,2.4,5.03,-13.28,42.99,32.9,0.59,8.5,117.36,3.82,1663,Normal,Manter_Ajuste
Linha_B,Tarde,Acido,Globo,OK,108.83,113.53,4.32,6.21,7.07,25.72,15.75,1.8,6.32,93.57,2.26,1953,Normal,Reduzir_Abertura
Linha_B,Manhã,Base,Esfera,OK,104.49,99.08,-5.18,6.69,15.34,43.66,48.17,0.76,6.91,115.7,2.39,1561,Normal,Aumentar_Abertura
Linha_A,Tarde,Acido,Esfera,Instavel,107.58,110.72,2.92,5.84,0.69,55.32,22.55,3.22,8.05,127.61,2.84,2023,Normal,Manter_Ajuste
Linha_A,Manhã,Base,Borboleta,Instavel,83.15,87.52,5.26,4.64,-20.0,38.83,41.46,3.03,9.12,116.21,3.94,2301,Alerta,Reduzir_Abertura
Linha_B,Noite,Solvente,Globo,OK,103.97,100.51,-3.33,4.58,-21.03,43.82,38.64,2.54,6.17,119.03,2.82,1732,Normal,Aumentar_Abertura
Linha_B,Manhã,Acido,Borboleta,Ruido,96.37,99.73,3.49,4.52,-22.07,49.17,39.32,6.02,6.78,124.56,1.6,2866,Falha,Reduzir_Abertura
Linha_B,Manhã,Acido,Esfera,OK,94.21,97.61,3.61,4.21,-27.41,40.85,91.02,3.97,8.8,110.57,3.34,1943,Normal,Reduzir_Abertura
Linha_C,Manhã,Acido,Borboleta,OK,110.45,107.15,-2.99,5.9,1.72,37.93,56.02,4.22,5.13,140.2,2.32,1962,Normal,Manter_Ajuste
Linha_B,Noite,Solvente,Globo,Ruido,117.75,111.01,-5.72,6.81,17.41,26.07,59.42,1.9,7.93,156.59,4.69,1255,Alerta,Aumentar_Abertura
Linha_B,Manhã,Base,Globo,OK,121.53,114.43,-5.84,5.79,-0.17,46.49,23.02,1.8,5.68,114.78,2.8,2051,Normal,Aumentar_Abertura
Linha_B,Tarde,Acido,Globo,Instavel,115.78,116.3,0.45,3.77,-35.0,41.21,43.23,3.25,6.91,135.67,0.56,1720,Alerta,Manter_Ajuste
Linha_A,Tarde,Base,Esfera,OK,98.68,100.64,1.99,5.63,-2.93,34.91,58.88,3.44,6.53,119.73,3.16,1435,Normal,Manter_Ajuste
Linha_A,Tarde,Acido,Borboleta,Instavel,104.23,99.47,-4.57,5.65,-2.59,42.89,36.56,0.6,5.75,133.04,4.74,1334,Alerta,Aumentar_Abertura
Linha_B,Noite,Base,Globo,OK,109.2,109.36,0.15,7.69,32.59,37.91,71.35,2.95,5.72,159.45,4.38,3403,Alerta,Manter_Ajuste
Linha_A,Noite,Base,Esfera,OK,101.45,104.87,3.37,4.49,-22.59,38.3,33.35,3.22,7.1,136.19,4.63,1642,Alerta,Reduzir_Abertura
Linha_B,Tarde,Base,Globo,OK,101.57,105.28,3.65,5.45,-6.03,46.24,49.85,2.9,7.9,85.98,1.78,926,Normal,Reduzir_Abertura
Linha_C,Noite,Solvente,Borboleta,OK,109.89,119.2,8.47,7.34,26.55,32.63,44.45,2.06,6.66,134.99,3.71,1381,Normal,Reduzir_Abertura
Linha_A,Manhã,Base,Borboleta,OK,99.29,106.95,7.71,6.2,6.9,49.33,57.96,2.44,6.88,152.12,2.08,1769,Normal,Reduzir_Abertura
Linha_A,Noite,Acido,Borboleta,OK,91.25,85.24,-6.59,6.31,8.79,32.22,43.47,2.95,7.43,120.12,3.02,2128,Normal,Aumentar_Abertura
Linha_A,Tarde,Acido,Borboleta,OK,95.03,105.13,10.63,5.9,1.72,37.36,50.12,3.33,5.73,146.9,1.53,2133,Normal,Reduzir_Abertura
Linha_A,Noite,Acido,Esfera,OK,107.61,104.42,-2.96,6.1,5.17,55.46,50.75,4.05,7.61,109.82,2.16,2206,Normal,Manter_Ajuste
Linha_B,Noite,Solvente,Borboleta,OK,100.04,106.31,6.27,6.5,12.07,49.89,41.78,4.71,7.7,92.32,2.12,1413,Normal,Reduzir_Abertura
Linha_B,Noite,Base,Globo,Instavel,104.08,104.49,0.39,5.07,-12.59,42.68,63.73,2.79,9.66,128.11,3.7,2004,Normal,Manter_Ajuste
Linha_C,Noite,Solvente,Borboleta,OK,108.04,105.57,-2.29,6.59,13.62,35.42,59.29,2.56,6.39,86.36,3.6,1274,Normal,Manter_Ajuste
Linha_B,Tarde,Base,Borboleta,Instavel,95.5,84.65,-11.36,4.56,-21.38,38.3,53.4,3.81,6.3,119.73,3.08,1428,Falha,Aumentar_Abertura
Linha_B,Manhã,Acido,Borboleta,OK,109.07,108.04,-0.94,6.1,5.17,42.51,47.25,4.06,7.65,153.31,1.45,1249,Normal,Manter_Ajuste
Linha_C,Tarde,Base,Esfera,Instavel,104.55,95.19,-8.95,5.96,2.76,42.26,69.34,2.59,7.7,82.99,2.49,1087,Normal,Aumentar_Abertura
Linha_A,Manhã,Acido,Borboleta,OK,85.18,90.98,6.81,5.25,-9.48,41.36,50.75,4.31,6.21,96.85,2.05,2439,Normal,Reduzir_Abertura
Linha_A,Noite,Acido,Esfera,OK,117.31,126.41,7.76,5.78,-0.34,41.78,49.48,4.57,6.36,102.3,3.67,2213,Normal,Reduzir_Abertura
Linha_A,Manhã,Base,Globo,OK,93.99,89.21,-5.09,5.24,-9.66,40.5,56.88,5.01,7.4,123.61,3.98,2386,Normal,Aumentar_Abertura
Linha_C,Manhã,Base,Borboleta,OK,80.14,81.95,2.26,4.84,-16.55,31.91,85.54,5.69,5.89,116.95,3.86,1824,Normal,Manter_Ajuste
Linha_B,Manhã,Solvente,Globo,OK,87.46,83.11,-4.97,5.48,-5.52,38.38,30.87,1.99,6.35,155.78,2.04,2266,Normal,Aumentar_Abertura
Linha_A,Tarde,Acido,Globo,OK,87.75,83.98,-4.3,4.81,-17.07,48.4,68.86,3.22,6.9,146.0,0.5,743,Normal,Aumentar_Abertura
Linha_B,Tarde,Solvente,Esfera,Ruido,100.63,105.28,4.62,6.09,5.0,32.42,20.92,3.22,7.9,135.9,1.03,2318,Normal,Reduzir_Abertura
Linha_A,Noite,Acido,Globo,OK,96.71,96.48,-0.24,4.76,-17.93,40.67,58.91,3.06,6.13,128.2,4.22,1906,Normal,Manter_Ajuste
Linha_B,Tarde,Base,Borboleta,OK,95.96,106.4,10.88,6.44,11.03,36.26,83.35,2.29,4.77,133.65,2.4,2176,Normal,Reduzir_Abertura
Linha_B,Manhã,Base,Esfera,Ruido,107.44,104.55,-2.69,4.74,-18.28,42.78,63.8,1.12,4.69,106.04,2.05,2028,Alerta,Manter_Ajuste
Linha_B,Manhã,Acido,Globo,OK,104.08,110.08,5.76,5.29,-8.79,39.28,58.07,3.33,5.41,143.86,4.44,1208,Normal,Reduzir_Abertura
Linha_A,Manhã,Acido,Borboleta,OK,103.79,104.37,0.56,5.24,-9.66,52.34,44.91,2.12,5.36,100.54,4.07,901,Normal,Manter_Ajuste
Linha_B,Tarde,Acido,Esfera,Instavel,104.92,109.69,4.55,6.99,20.52,45.55,55.56,3.32,6.63,143.38,2.82,1373,Alerta,Reduzir_Abertura
Linha_B,Noite,Base,Globo,Instavel,107.39,104.71,-2.5,6.1,5.17,32.82,50.46,2.09,5.49,151.1,2.51,2139,Normal,Manter_Ajuste
Linha_A,Tarde,Solvente,Borboleta,OK,74.7,74.4,-0.4,5.61,-3.28,46.7,40.85,1.66,6.03,129.64,2.67,2214,Normal,Manter_Ajuste
Linha_A,Noite,Base,Esfera,OK,95.63,94.94,-0.72,6.25,7.76,36.58,49.78,3.53,5.95,121.12,3.03,979,Normal,Manter_Ajuste
Linha_C,Manhã,Solvente,Globo,OK,73.84,68.82,-6.8,3.9,-32.76,37.96,58.57,3.41,6.32,133.81,4.4,1211,Alerta,Aumentar_Abertura
Linha_C,Manhã,Solvente,Borboleta,OK,100.43,104.4,3.95,5.76,-0.69,44.2,41.19,4.01,8.25,62.05,3.22,1366,Normal,Reduzir_Abertura
Linha_B,Noite,Acido,Esfera,OK,99.94,103.84,3.9,7.6,31.03,38.56,40.49,6.26,7.53,131.65,3.53,1586,Alerta,Reduzir_Abertura
Linha_A,Manhã,Base,Borboleta,OK,112.55,116.11,3.16,5.92,2.07,48.25,30.52,3.59,6.82,122.51,3.97,983,Normal,Reduzir_Abertura
Linha_C,Manhã,Acido,Borboleta,OK,114.25,123.47,8.07,5.86,1.03,36.58,62.03,3.88,6.29,123.89,1.63,947,Normal,Reduzir_Abertura
Linha_C,Tarde,Solvente,Esfera,Instavel,102.43,111.13,8.49,6.29,8.45,37.67,64.82,1.69,6.32,140.54,3.55,1307,Normal,Reduzir_Abertura
Linha_C,Noite,Solvente,Borboleta,OK,94.0,91.75,-2.39,6.61,13.97,37.41,59.17,1.4,7.16,123.36,2.51,1852,Normal,Manter_Ajuste
Linha_B,Noite,Solvente,Globo,OK,105.82,108.06,2.12,4.0,-31.03,38.04,72.37,5.42,7.44,99.92,0.5,1092,Normal,Manter_Ajuste
Linha_A,Manhã,Base,Globo,OK,93.66,89.92,-3.99,4.29,-26.03,49.69,56.58,1.91,5.8,121.89,0.67,1731,Normal,Aumentar_Abertura
Linha_A,Noite,Acido,Esfera,Instavel,99.98,100.12,0.14,5.99,3.28,46.4,62.06,1.74,6.84,126.49,1.78,2435,Normal,Manter_Ajuste
Linha_C,Noite,Solvente,Borboleta,OK,111.83,108.23,-3.22,5.16,-11.03,53.97,60.47,3.15,4.57,127.53,3.33,1019,Normal,Aumentar_Abertura
Linha_B,Noite,Solvente,Esfera,OK,93.31,103.03,10.42,6.98,20.34,57.87,53.35,3.07,7.03,128.56,2.91,1676,Alerta,Reduzir_Abertura
Linha_A,Noite,Solvente,Esfera,OK,109.67,111.85,1.99,5.52,-4.83,34.78,45.45,1.94,7.64,147.87,2.98,2415,Normal,Manter_Ajuste
Linha_A,Manhã,Acido,Borboleta,OK,108.13,106.82,-1.21,4.06,-30.0,42.49,94.85,2.77,6.49,101.11,4.75,1549,Alerta,Manter_Ajuste
Linha_B,Noite,Acido,Borboleta,OK,88.54,95.7,8.09,4.66,-19.66,33.77,46.86,4.92,8.8,128.87,1.53,1456,Normal,Reduzir_Abertura
Linha_A,Manhã,Acido,Borboleta,Instavel,111.69,98.67,-11.66,3.33,-42.59,36.56,43.01,2.07,5.83,153.38,2.77,2498,Falha,Aumentar_Abertura
Linha_C,Noite,Acido,Globo,OK,108.38,96.3,-11.15,5.59,-3.62,37.59,62.81,1.25,7.04,86.84,3.1,1616,Normal,Aumentar_Abertura
Linha_C,Tarde,Solvente,Borboleta,Instavel,101.22,106.0,4.72,5.63,-2.93,34.6,59.53,4.52,6.76,128.95,2.06,2463,Normal,Reduzir_Abertura
Linha_C,Noite,Solvente,Esfera,Ruido,90.85,91.21,0.4,5.42,-6.55,34.64,29.71,3.89,6.69,112.12,2.83,2057,Normal,Manter_Ajuste
Linha_B,Tarde,Solvente,Esfera,OK,89.69,91.19,1.67,6.77,16.72,40.99,75.21,2.33,6.67,116.84,1.2,1594,Normal,Manter_Ajuste
Linha_B,Tarde,Solvente,Esfera,OK,93.55,85.59,-8.51,6.88,18.62,33.48,53.3,0.98,6.92,105.09,4.21,2088,Alerta,Aumentar_Abertura
Linha_B,Tarde,Solvente,Globo,OK,106.51,106.37,-0.13,5.65,-2.59,47.89,35.0,2.16,7.73,121.27,2.12,1992,Normal,Manter_Ajuste
Linha_B,Noite,Acido,Globo,Instavel,88.53,100.55,13.58,3.88,-33.1,35.58,76.4,3.12,8.32,165.51,4.83,2413,Falha,Reduzir_Abertura
Linha_A,Noite,Solvente,Esfera,OK,105.25,110.2,4.7,6.36,9.66,61.67,66.26,4.83,6.8,97.18,2.77,1471,Normal,Reduzir_Abertura
Linha_B,Manhã,Acido,Borboleta,OK,85.1,86.12,1.2,6.3,8.62,38.84,32.24,1.75,7.7,99.27,3.83,1825,Normal,Manter_Ajuste
Linha_A,Noite,Acido,Borboleta,OK,97.55,94.92,-2.7,6.08,4.83,42.5,86.99,3.08,6.03,96.36,2.75,1763,Normal,Manter_Ajuste
Linha_B,Tarde,Solvente,Globo,Instavel,101.32,98.95,-2.34,6.68,15.17,32.93,66.86,4.15,7.64,163.0,2.77,2222,Normal,Manter_Ajuste
Linha_A,Manhã,Solvente,Borboleta,OK,129.34,116.56,-9.88,4.75,-18.1,53.94,54.82,0.2,5.96,114.83,2.22,1185,Normal,Aumentar_Abertura
Linha_A,Tarde,Acido,Globo,OK,83.47,85.02,1.86,7.61,31.21,49.84,83.62,4.65,8.0,124.44,2.92,2410,Normal,Manter_Ajuste
Linha_A,Noite,Solvente,Borboleta,OK,117.66,122.73,4.31,4.94,-14.83,44.08,57.87,1.54,9.23,116.14,3.12,2080,Normal,Reduzir_Abertura
Linha_B,Noite,Solvente,Esfera,Ruido,101.8,92.35,-9.28,6.47,11.55,32.57,54.49,3.66,6.67,104.22,2.02,1010,Normal,Aumentar_Abertura
Linha_A,Noite,Base,Esfera,OK,104.93,100.96,-3.78,4.28,-26.21,43.47,43.11,3.55,4.39,119.83,2.67,2525,Normal,Aumentar_Abertura
Linha_C,Tarde,Solvente,Borboleta,OK,101.42,94.48,-6.84,4.96,-14.48,34.15,65.47,4.72,6.2,179.08,2.19,3140,Normal,Aumentar_Abertura
Linha_B,Noite,Solvente,Esfera,Instavel,105.34,99.55,-5.5,7.16,23.45,52.24,63.58,3.97,8.16,155.63,5.1,2401,Falha,Aumentar_Abertura
Linha_A,Tarde,Acido,Borboleta,Ruido,98.16,98.48,0.33,5.57,-3.97,47.66,55.26,0.2,7.41,106.24,2.71,2656,Normal,Manter_Ajuste
Linha_B,Noite,Base,Esfera,OK,117.45,104.94,-10.65,6.56,13.1,42.67,40.78,2.1,7.07,139.25,4.35,1851,Alerta,Aumentar_Abertura
Linha_A,Tarde,Solvente,Borboleta,OK,94.52,98.21,3.9,6.01,3.62,24.95,57.34,3.39,7.91,106.71,2.6,803,Normal,Reduzir_Abertura
Linha_C,Manhã,Solvente,Esfera,Instavel,113.59,118.11,3.98,5.71,-1.55,35.12,53.74,2.93,7.33,85.92,3.06,694,Normal,Reduzir_Abertura
Linha_B,Manhã,Solvente,Globo,Instavel,92.27,90.76,-1.64,7.03,21.21,46.81,31.0,3.87,8.14,147.43,1.48,1953,Alerta,Manter_Ajuste
Linha_C,Manhã,Solvente,Borboleta,OK,99.28,84.4,-14.99,5.59,-3.62,50.49,28.51,4.31,7.81,150.52,2.35,1445,Normal,Aumentar_Abertura
Linha_A,Manhã,Solvente,Esfera,OK,87.14,81.16,-6.86,4.2,-27.59,49.76,65.17,4.05,8.47,148.01,3.01,1251,Normal,Aumentar_Abertura
Linha_B,Tarde,Base,Esfera,Instavel,105.46,112.86,7.02,5.08,-12.41,30.86,8.17,2.9,7.19,114.66,4.39,1762,Alerta,Reduzir_Abertura
Linha_B,Tarde,Base,Globo,Instavel,117.34,100.67,-14.21,6.3,8.62,44.11,58.7,0.62,7.8,121.33,3.02,2169,Alerta,Aumentar_Abertura
Linha_C,Manhã,Base,Globo,Instavel,99.07,96.98,-2.11,6.16,6.21,49.11,46.39,2.56,6.46,141.49,4.18,928,Alerta,Manter_Ajuste
Linha_B,Tarde,Solvente,Esfera,OK,97.64,90.56,-7.25,4.39,-24.31,30.39,78.55,3.78,6.14,133.61,3.44,1531,Normal,Aumentar_Abertura
Linha_B,Tarde,Solvente,Globo,OK,86.62,91.45,5.58,5.15,-11.21,41.94,46.12,1.67,8.68,116.34,4.43,2706,Normal,Reduzir_Abertura
Linha_A,Manhã,Base,Borboleta,Ruido,97.25,93.2,-4.16,5.28,-8.97,43.92,66.87,4.08,7.04,89.38,2.74,1155,Normal,Aumentar_Abertura
Linha_A,Tarde,Acido,Borboleta,Instavel,80.89,83.31,2.99,5.47,-5.69,39.89,47.86,4.47,7.69,127.51,5.19,2322,Alerta,Manter_Ajuste
Linha_B,Tarde,Base,Borboleta,Instavel,89.05,92.44,3.81,4.56,-21.38,29.03,57.05,3.38,6.94,148.74,2.31,1509,Alerta,Reduzir_Abertura
Linha_B,Tarde,Solvente,Borboleta,OK,102.72,113.74,10.73,5.23,-9.83,39.72,68.26,0.2,6.15,98.65,2.03,2127,Normal,Reduzir_Abertura
Linha_A,Tarde,Acido,Esfera,OK,115.83,114.61,-1.05,5.14,-11.38,39.71,46.67,1.41,6.81,139.05,1.59,2458,Normal,Manter_Ajuste
Linha_C,Noite,Acido,Globo,Instavel,133.71,135.97,1.69,6.49,11.9,40.96,72.94,5.84,8.38,132.29,5.13,2245,Falha,Manter_Ajuste
Linha_C,Manhã,Base,Esfera,OK,92.96,84.05,-9.58,6.53,12.59,38.06,37.11,2.43,7.41,141.5,3.62,2345,Normal,Aumentar_Abertura
Linha_A,Tarde,Acido,Esfera,Ruido,117.22,124.36,6.09,5.67,-2.24,38.9,60.3,0.42,4.92,144.18,2.47,1109,Normal,Reduzir_Abertura
Linha_B,Tarde,Acido,Borboleta,OK,102.93,98.37,-4.43,5.45,-6.03,41.72,71.61,4.93,6.56,109.72,4.05,2468,Normal,Aumentar_Abertura
Linha_A,Manhã,Acido,Globo,OK,98.19,94.83,-3.42,5.93,2.24,45.1,66.88,3.22,8.76,89.43,3.49,1288,Normal,Aumentar_Abertura
Linha_B,Noite,Acido,Esfera,Instavel,105.19,105.06,-0.12,5.07,-12.59,39.87,89.5,4.75,6.56,113.26,4.77,1956,Alerta,Manter_Ajuste
Linha_A,Manhã,Acido,Esfera,OK,100.74,91.36,-9.31,4.77,-17.76,39.13,41.26,3.59,4.82,144.56,1.25,1955,Normal,Aumentar_Abertura
Linha_B,Manhã,Base,Globo,OK,101.32,102.69,1.35,4.95,-14.66,42.65,30.18,3.84,8.88,113.08,2.53,2091,Normal,Manter_Ajuste
Linha_C,Noite,Acido,Globo,OK,95.1,100.9,6.1,5.23,-9.83,28.55,37.1,3.71,7.55,109.73,2.34,2002,Normal,Reduzir_Abertura
Linha_C,Noite,Base,Esfera,OK,83.22,84.98,2.11,4.75,-18.1,45.34,66.89,4.18,6.72,84.93,0.83,1294,Normal,Manter_Ajuste
Linha_A,Noite,Base,Globo,OK,81.48,71.95,-11.7,5.95,2.59,42.0,63.96,6.39,6.39,163.56,3.86,990,Alerta,Aumentar_Abertura
Linha_C,Noite,Solvente,Globo,OK,107.84,107.1,-0.69,6.46,11.38,42.28,56.84,4.56,7.99,143.17,2.53,2323,Normal,Manter_Ajuste
Linha_A,Noite,Acido,Esfera,Ruido,96.68,101.13,4.6,4.37,-24.66,48.73,34.79,0.99,6.2,141.94,3.54,1912,Alerta,Reduzir_Abertura
Linha_A,Tarde,Solvente,Globo,OK,92.85,81.58,-12.14,5.82,0.34,28.33,68.8,3.83,8.06,146.29,5.16,2490,Alerta,Aumentar_Abertura
Linha_B,Noite,Acido,Esfera,OK,100.1,93.65,-6.44,5.6,-3.45,28.18,32.96,4.8,7.4,137.69,2.45,1773,Normal,Aumentar_Abertura
Linha_B,Manhã,Solvente,Globo,OK,109.54,114.8,4.8,6.11,5.34,43.92,75.86,4.88,7.07,119.62,2.38,957,Normal,Reduzir_Abertura
Linha_C,Tarde,Base,Globo,OK,102.16,103.78,1.59,5.79,-0.17,41.95,100.0,2.6,6.96,121.4,2.92,2380,Normal,Manter_Ajuste
Linha_C,Tarde,Base,Esfera,OK,92.13,94.6,2.68,4.49,-22.59,43.19,61.6,4.83,6.61,115.59,3.79,1578,Normal,Manter_Ajuste
Linha_A,Noite,Base,Borboleta,OK,114.72,125.88,9.73,4.66,-19.66,38.77,65.5,4.5,7.95,182.96,2.23,2005,Normal,Reduzir_Abertura
Linha_C,Noite,Acido,Esfera,OK,118.95,121.76,2.36,5.83,0.52,46.65,46.13,6.8,5.85,137.23,2.17,1412,Normal,Manter_Ajuste
Linha_A,Tarde,Solvente,Borboleta,OK,105.93,109.88,3.73,6.73,16.03,48.53,22.42,2.15,5.02,114.8,3.86,2787,Normal,Reduzir_Abertura
Linha_B,Tarde,Base,Esfera,Ruido,111.68,127.94,14.56,3.81,-34.31,45.39,44.15,2.49,7.48,135.24,3.18,1274,Falha,Reduzir_Abertura
Linha_A,Manhã,Solvente,Esfera,OK,114.9,113.62,-1.11,6.11,5.34,40.17,35.33,2.77,7.49,102.76,0.76,1598,Normal,Manter_Ajuste
Linha_C,Noite,Solvente,Esfera,OK,113.56,108.77,-4.22,6.87,18.45,27.25,28.95,2.51,7.33,158.1,1.57,1864,Normal,Aumentar_Abertura
Linha_A,Tarde,Acido,Borboleta,Instavel,107.37,109.94,2.39,5.66,-2.41,47.38,86.0,1.95,7.25,110.46,4.3,1145,Alerta,Manter_Ajuste
Linha_A,Tarde,Acido,Borboleta,Instavel,107.18,109.81,2.45,6.3,8.62,50.55,59.91,0.2,6.45,136.02,3.2,1998,Normal,Manter_Ajuste
Linha_B,Noite,Solvente,Borboleta,OK,106.24,103.08,-2.97,5.17,-10.86,46.51,61.83,2.59,7.67,148.45,2.04,2767,Normal,Manter_Ajuste
Linha_C,Tarde,Acido,Borboleta,OK,86.83,80.64,-7.13,5.69,-1.9,35.84,49.44,3.72,6.75,133.46,2.63,1506,Normal,Aumentar_Abertura
Linha_C,Manhã,Acido,Esfera,OK,108.41,122.27,12.78,4.34,-25.17,46.72,51.89,2.51,6.26,127.08,2.81,2037,Alerta,Reduzir_Abertura
Linha_C,Manhã,Base,Esfera,OK,83.73,85.69,2.34,3.69,-36.38,48.02,72.36,5.91,6.46,125.24,3.54,150,Alerta,Manter_Ajuste
Linha_C,Manhã,Base,Borboleta,OK,90.46,86.07,-4.85,6.65,14.66,52.91,54.42,3.22,9.02,123.76,1.44,1777,Normal,Aumentar_Abertura
Linha_C,Noite,Solvente,Globo,OK,115.64,121.14,4.76,4.91,-15.34,35.87,64.55,5.01,4.89,112.31,1.96,1612,Normal,Reduzir_Abertura
Linha_B,Manhã,Base,Esfera,OK,110.08,109.43,-0.59,5.39,-7.07,40.41,51.47,3.57,7.35,115.11,3.07,1309,Normal,Manter_Ajuste
Linha_A,Manhã,Base,Borboleta,OK,117.85,116.33,-1.29,4.55,-21.55,47.23,48.84,4.36,4.95,157.55,2.7,2449,Normal,Manter_Ajuste
Linha_C,Tarde,Acido,Esfera,Ruido,96.74,100.11,3.48,4.53,-21.9,42.4,29.68,3.59,6.68,122.61,3.37,1604,Alerta,Reduzir_Abertura
Linha_B,Noite,Solvente,Globo,OK,86.17,78.42,-8.99,5.64,-2.76,34.18,19.4,5.12,6.32,107.71,1.57,1694,Normal,Aumentar_Abertura
Linha_B,Tarde,Solvente,Esfera,OK,97.11,99.23,2.18,5.14,-11.38,44.9,50.29,3.28,4.51,113.64,3.16,1574,Normal,Manter_Ajuste
Linha_A,Noite,Acido,Globo,OK,101.22,112.7,11.34,6.14,5.86,46.05,56.02,3.89,7.23,149.21,3.89,650,Normal,Reduzir_Abertura
Linha_C,Noite,Base,Borboleta,OK,100.95,103.75,2.77,6.21,7.07,42.62,31.85,3.71,6.38,139.86,3.29,1121,Normal,Manter_Ajuste
Linha_A,Manhã,Solvente,Borboleta,OK,113.6,111.34,-1.99,6.09,5.0,43.54,54.38,2.8,4.49,137.33,2.94,2377,Normal,Manter_Ajuste
Linha_C,Noite,Solvente,Globo,Instavel,95.66,92.62,-3.18,6.01,3.62,40.19,55.97,3.77,7.72,119.33,2.7,534,Normal,Aumentar_Abertura
Linha_A,Tarde,Acido,Esfera,Instavel,104.22,101.76,-2.36,7.22,24.48,52.35,16.19,6.33,8.38,137.61,1.97,1340,Falha,Manter_Ajuste
Linha_A,Tarde,Acido,Borboleta,Ruido,88.14,86.62,-1.72,4.84,-16.55,35.7,38.53,2.82,8.44,110.84,2.73,1560,Normal,Manter_Ajuste
Linha_C,Manhã,Base,Borboleta,Ruido,105.4,103.13,-2.15,5.75,-0.86,37.89,62.33,3.79,7.19,119.29,4.06,2846,Alerta,Manter_Ajuste
Linha_A,Tarde,Acido,Globo,Ruido,100.04,105.54,5.5,6.82,17.59,42.08,61.97,4.96,6.85,146.34,2.68,2261,Normal,Reduzir_Abertura
Linha_A,Noite,Acido,Esfera,Ruido,91.0,80.6,-11.43,6.94,19.66,48.15,34.23,4.8,8.26,144.23,1.91,1466,Falha,Aumentar_Abertura
Linha_B,Tarde,Acido,Esfera,OK,97.17,102.34,5.32,4.52,-22.07,31.52,57.85,3.22,8.65,103.4,2.31,2583,Normal,Reduzir_Abertura
Linha_C,Manhã,Solvente,Esfera,OK,97.79,95.51,-2.33,5.52,-4.83,32.83,73.4,0.2,8.05,106.18,3.0,1356,Normal,Manter_Ajuste
Linha_A,Tarde,Solvente,Globo,OK,96.76,99.02,2.34,7.02,21.03,27.74,68.99,3.92,5.76,127.39,2.43,2405,Normal,Manter_Ajuste
Linha_A,Noite,Solvente,Globo,OK,121.26,114.5,-5.57,6.26,7.93,42.23,53.28,0.2,7.02,162.97,3.29,985,Normal,Aumentar_Abertura
Linha_C,Noite,Acido,Borboleta,OK,98.82,106.79,8.07,5.98,3.1,34.17,46.58,5.26,7.28,82.86,3.32,2444,Normal,Reduzir_Abertura
Linha_C,Manhã,Acido,Globo,Instavel,97.07,104.54,7.7,5.6,-3.45,39.31,43.67,3.44,4.81,131.12,3.69,1556,Normal,Reduzir_Abertura
Linha_B,Noite,Base,Globo,OK,74.83,80.59,7.7,5.45,-6.03,46.63,63.42,4.6,7.32,94.73,4.22,1183,Normal,Reduzir_Abertura
Linha_A,Noite,Solvente,Globo,OK,89.27,80.18,-10.18,6.06,4.48,37.51,58.51,1.94,9.3,111.04,3.8,1670,Normal,Aumentar_Abertura
Linha_A,Manhã,Solvente,Globo,OK,96.84,101.81,5.13,5.57,-3.97,43.62,66.33,1.03,7.5,116.98,1.87,1966,Normal,Reduzir_Abertura
Linha_A,Noite,Solvente,Globo,OK,91.77,94.2,2.65,5.76,-0.69,39.9,57.37,3.57,8.42,115.75,1.9,1503,Normal,Manter_Ajuste
Linha_A,Tarde,Base,Esfera,OK,116.58,106.95,-8.26,5.87,1.21,46.7,69.74,3.15,7.0,113.26,2.72,2132,Normal,Aumentar_Abertura
Linha_B,Tarde,Acido,Borboleta,Instavel,98.02,97.87,-0.15,5.19,-10.52,45.33,56.7,2.51,6.72,125.16,2.35,1450,Normal,Manter_Ajuste
Linha_A,Tarde,Solvente,Globo,OK,115.46,117.65,1.9,6.28,8.28,37.16,69.12,3.32,7.22,113.22,1.66,2172,Normal,Manter_Ajuste
Linha_B,Noite,Solvente,Globo,Instavel,100.74,104.08,3.32,8.42,45.17,40.82,70.67,7.07,5.9,92.83,2.36,2065,Falha,Reduzir_Abertura
Linha_B,Noite,Acido,Globo,OK,100.45,101.51,1.06,4.2,-27.59,49.31,40.52,4.37,5.74,142.16,2.33,1763,Normal,Manter_Ajuste
Linha_B,Noite,Base,Esfera,OK,98.93,100.68,1.77,6.09,5.0,44.75,22.45,4.67,8.19,141.56,2.13,1535,Normal,Manter_Ajuste
Linha_A,Noite,Solvente,Globo,OK,100.05,108.89,8.84,5.12,-11.72,32.22,82.78,4.38,8.31,143.55,2.48,1891,Normal,Reduzir_Abertura
Linha_C,Noite,Base,Borboleta,Instavel,120.63,127.99,6.1,6.32,8.97,46.59,59.62,5.27,5.71,91.1,3.98,2130,Normal,Reduzir_Abertura
Linha_C,Manhã,Base,Esfera,Instavel,72.16,54.96,-23.84,5.84,0.69,34.41,24.14,2.93,7.86,131.58,3.0,3037,Alerta,Aumentar_Abertura
Linha_C,Manhã,Solvente,Borboleta,OK,75.98,74.08,-2.5,6.49,11.9,51.89,42.15,0.32,6.7,139.87,5.27,2364,Normal,Manter_Ajuste
Linha_A,Noite,Base,Esfera,Ruido,93.48,92.49,-1.06,6.86,18.28,49.17,68.89,2.94,7.17,102.31,2.97,2386,Alerta,Manter_Ajuste
Linha_A,Tarde,Solvente,Esfera,OK,100.17,89.66,-10.49,5.97,2.93,44.03,49.97,4.34,7.31,125.2,2.51,3653,Normal,Aumentar_Abertura
Linha_C,Manhã,Base,Borboleta,Instavel,108.28,108.85,0.53,6.82,17.59,43.1,45.78,1.84,7.89,122.44,2.8,2110,Normal,Manter_Ajuste
Linha_B,Manhã,Acido,Esfera,OK,105.68,113.17,7.09,3.69,-36.38,40.54,80.22,2.95,6.89,165.53,3.06,2091,Normal,Reduzir_Abertura
Linha_A,Tarde,Solvente,Borboleta,OK,95.39,88.87,-6.84,7.23,24.66,46.75,36.15,2.23,8.35,167.34,3.24,2222,Normal,Aumentar_Abertura
Linha_B,Tarde,Solvente,Borboleta,Instavel,112.23,114.25,1.8,6.14,5.86,39.4,40.63,5.3,7.14,88.38,4.88,1195,Alerta,Manter_Ajuste
Linha_B,Manhã,Acido,Esfera,OK,112.36,106.87,-4.89,6.77,16.72,43.65,58.8,4.25,7.49,179.87,1.95,1534,Normal,Aumentar_Abertura
Linha_C,Manhã,Solvente,Borboleta,OK,102.21,98.18,-3.94,4.7,-18.97,48.1,62.03,4.11,5.88,104.87,3.66,1496,Normal,Aumentar_Abertura
Linha_A,Manhã,Base,Globo,OK,111.55,120.41,7.94,5.05,-12.93,38.07,63.93,4.07,9.17,146.57,3.01,2189,Normal,Reduzir_Abertura
Linha_C,Tarde,Solvente,Borboleta,OK,103.27,100.01,-3.16,5.93,2.24,37.69,71.4,3.15,7.32,146.35,1.23,1695,Normal,Aumentar_Abertura
Linha_A,Manhã,Acido,Borboleta,OK,93.26,96.03,2.97,5.78,-0.34,33.64,58.57,3.48,7.58,103.09,3.57,1883,Normal,Manter_Ajuste
Linha_B,Tarde,Acido,Borboleta,Instavel,108.37,97.14,-10.36,6.05,4.31,34.55,63.81,1.54,5.03,135.85,4.07,2452,Falha,Aumentar_Abertura
Linha_B,Tarde,Acido,Globo,Instavel,101.33,112.5,11.02,6.78,16.9,29.2,50.33,0.2,5.9,122.63,1.94,2318,Alerta,Reduzir_Abertura
Linha_A,Tarde,Acido,Borboleta,OK,100.02,103.64,3.62,4.21,-27.41,47.11,56.13,3.41,8.16,137.2,2.79,1703,Normal,Reduzir_Abertura
Linha_A,Noite,Base,Esfera,OK,117.68,116.59,-0.93,6.68,15.17,54.66,56.94,3.65,7.12,130.07,1.07,1398,Normal,Manter_Ajuste
Linha_B,Tarde,Solvente,Globo,OK,70.59,74.04,4.89,5.81,0.17,51.98,58.87,4.89,4.69,151.32,1.54,2481,Normal,Reduzir_Abertura
Linha_C,Noite,Acido,Globo,OK,82.99,74.53,-10.19,5.62,-3.1,30.62,68.91,5.4,7.94,126.66,3.85,2264,Normal,Aumentar_Abertura
Linha_B,Noite,Solvente,Esfera,OK,85.76,92.86,8.28,4.48,-22.76,47.07,64.99,5.4,6.2,121.31,2.33,836,Normal,Reduzir_Abertura
Linha_C,Noite,Acido,Globo,Ruido,95.64,93.7,-2.03,6.25,7.76,51.95,55.8,1.8,8.35,149.11,1.69,1612,Normal,Manter_Ajuste
Linha_C,Noite,Acido,Globo,Instavel,96.94,95.72,-1.26,3.63,-37.41,38.8,40.44,2.71,6.7,137.77,3.03,1899,Alerta,Manter_Ajuste
Linha_B,Tarde,Base,Esfera,Instavel,81.91,78.96,-3.6,6.38,10.0,42.71,56.22,3.87,7.03,141.1,2.28,2267,Normal,Aumentar_Abertura
Linha_C,Tarde,Solvente,Esfera,OK,88.18,84.7,-3.95,4.46,-23.1,27.94,54.5,6.74,8.1,110.38,2.33,2346,Alerta,Aumentar_Abertura
Linha_A,Manhã,Base,Globo,OK,89.67,93.84,4.65,5.85,0.86,43.87,58.48,5.27,5.81,102.0,3.54,1970,Normal,Reduzir_Abertura
Linha_A,Tarde,Solvente,Borboleta,OK,129.49,131.03,1.19,5.69,-1.9,34.56,94.72,4.77,5.71,112.51,1.64,2151,Normal,Manter_Ajuste
