linha_producao,turno,produto_quimico,tipo_valvula,pressao_linha_bar,temperatura_produto_c,abertura_valvula_pct,vibracao_bomba_mm_s,ph_produto,consumo_energia_kwh,horas_operacao_bomba,particulas_ppm,viscosidade_cP,falha_operacional,vazao_real_l_min
Linha_B,Noite,Reagente_Y,Borboleta,7.2,29.54,41.56,3.9,6.71,122.07,1561,21.36,55.49,0,27.52
Linha_C,Tarde,Solvente_X,Borboleta,5.3,50.43,52.92,2.21,5.82,128.13,1501,19.75,48.7,0,36.8
Linha_B,Noite,Solvente_X,Globo,3.95,55.37,73.58,1.94,6.03,134.24,1188,21.45,15.0,0,45.95
Linha_B,Tarde,Aditivo_Z,Esfera,4.81,40.37,71.75,3.38,6.71,120.44,2095,13.3,48.18,0,49.5
Linha_A,Noite,Solvente_X,Borboleta,5.95,40.51,,,6.59,128.15,2003,11.58,55.2,0,46.66
Linha_A,Noite,Reagente_Y,Esfera,5.58,50.34,37.21,4.36,6.83,137.88,1508,12.08,64.43,0,25.24
Linha_A,Tarde,Solvente_X,Esfera,6.62,46.05,53.74,3.79,7.4,108.88,1339,15.86,75.41,0,36.02
Linha_C,Tarde,Reagente_Y,Esfera,5.68,26.02,50.86,3.45,6.55,104.61,3020,1.34,82.53,0,30.62
Linha_B,Tarde,Aditivo_Z,Esfera,6.55,35.25,65.65,3.96,7.41,114.29,578,23.32,70.69,0,42.38
Linha_B,Manhã,Aditivo_Z,Esfera,7.3,41.89,64.04,2.46,6.55,122.39,2121,14.31,43.57,0,45.91
Linha_A,Manhã,Solvente_X,Esfera,5.67,31.04,60.8,5.26,7.52,103.52,2639,11.09,47.43,1,44.84
Linha_C,Manhã,Aditivo_Z,Globo,6.36,38.21,100.0,5.24,6.95,109.34,120,1.0,63.08,1,67.12
Linha_C,Noite,Reagente_Y,Esfera,4.05,31.24,52.77,3.87,6.64,126.75,2316,13.74,59.79,0,30.85
Linha_A,Tarde,Solvente_X,Globo,5.68,39.04,50.66,3.62,6.94,121.47,1657,12.61,76.43,0,42.15
Linha_A,Noite,Reagente_Y,Globo,4.57,39.31,37.18,2.95,6.72,113.92,1966,7.72,89.19,0,24.14
Linha_A,Manhã,Reagente_Y,Globo,5.95,44.81,30.32,3.98,6.97,79.7,1590,9.29,86.01,0,32.79
Linha_A,Tarde,Solvente_X,Globo,6.04,41.27,36.03,2.64,7.35,117.92,2499,13.81,74.41,0,37.45
Linha_B,Noite,Reagente_Y,Esfera,6.03,46.02,45.06,0.95,6.85,96.66,2036,9.88,59.92,0,31.76
Linha_B,Tarde,Solvente_X,Esfera,5.32,45.07,81.58,0.5,6.68,139.63,1886,18.0,72.24,0,49.94
Linha_A,Noite,Solvente_X,Borboleta,8.1,50.25,58.7,2.52,6.23,111.21,1216,8.76,76.92,0,47.38
Linha_B,Tarde,Reagente_Y,Globo,4.53,48.99,61.48,3.57,7.25,96.08,3023,15.08,49.79,0,30.02
Linha_A,Manhã,Solvente_X,Borboleta,4.47,48.14,56.27,3.77,7.11,116.65,1806,22.26,44.01,0,36.69
Linha_A,Manhã,Reagente_Y,Borboleta,7.45,66.84,64.58,2.86,6.19,145.96,3288,13.74,40.49,1,38.0
Linha_B,Tarde,Reagente_Y,Esfera,5.1,44.78,83.24,3.56,7.4,131.88,3053,16.49,38.85,0,43.88
Linha_B,Noite,Reagente_Y,Borboleta,4.86,62.75,22.11,3.1,6.18,122.84,644,16.05,31.27,1,18.91
Linha_C,Manhã,Aditivo_Z,Borboleta,8.1,45.3,79.93,2.3,7.52,88.83,1374,14.06,55.75,0,49.47
Linha_A,Manhã,Aditivo_Z,Globo,6.79,41.34,12.73,3.34,7.31,153.68,1126,13.53,37.0,0,32.81
Linha_B,Manhã,Reagente_Y,Esfera,5.21,39.01,58.51,4.29,7.15,104.32,1769,10.0,40.25,0,31.6
Linha_B,Tarde,Reagente_Y,Borboleta,6.02,54.08,97.45,2.35,6.67,138.54,1922,15.06,62.52,0,53.01
Linha_A,Tarde,Solvente_X,Borboleta,7.75,55.12,70.25,2.35,7.25,110.84,1949,12.02,54.72,0,44.39
Linha_B,Noite,Reagente_Y,Globo,6.49,46.8,64.72,2.22,7.55,136.43,2485,24.82,58.44,0,34.95
Linha_A,Noite,Reagente_Y,Borboleta,7.09,51.07,94.04,3.048,7.26,146.75,2771,19.68,72.48,0,57.62
Linha_A,Noite,Solvente_X,Borboleta,6.6,31.78,45.34,2.87,6.5,132.26,2429,3.83,64.97,0,41.1
Linha_C,Tarde,Reagente_Y,Borboleta,6.73,29.61,65.81,4.19,7.06,134.63,1435,4.22,74.78,0,38.88
Linha_C,Tarde,Reagente_Y,Borboleta,5.84,51.97,68.41,3.59,7.58,115.83,1292,13.09,53.2,0,42.46
Linha_C,Noite,Aditivo_Z,Borboleta,5.81,40.99,48.6,3.21,8.22,108.45,1802,11.23,76.18,0,28.33
Linha_A,Noite,Aditivo_Z,Globo,6.07,47.99,50.19,3.54,6.78,121.04,2077,12.72,57.4,0,44.44
Linha_A,Tarde,Reagente_Y,Globo,6.53,36.26,48.21,2.86,7.41,110.52,1681,18.56,54.53,0,39.97
Linha_B,Noite,Solvente_X,Esfera,5.52,55.26,59.57,1.26,7.58,172.28,925,16.21,73.92,0,41.82
Linha_B,Manhã,Solvente_X,Borboleta,5.92,29.68,67.84,4.26,6.41,96.17,2243,16.14,38.92,0,43.58
Linha_A,Tarde,Aditivo_Z,Esfera,5.49,30.92,60.22,4.58,7.97,140.05,1545,24.12,82.35,0,37.93
Linha_B,Noite,Aditivo_Z,Esfera,5.92,53.55,70.77,2.6,6.26,129.38,1525,4.28,47.77,0,44.83
Linha_A,Tarde,Solvente_X,Esfera,4.55,21.12,22.56,3.23,7.39,123.06,1765,14.73,33.73,0,34.59
Linha_C,Manhã,Reagente_Y,Esfera,8.41,45.03,54.07,3.14,7.08,150.56,1644,9.95,61.8,0,37.36
Linha_A,Tarde,Solvente_X,Borboleta,5.07,41.14,39.58,3.79,6.93,124.56,1562,24.05,46.34,0,33.63
Linha_B,Tarde,Solvente_X,Borboleta,5.44,36.11,63.43,5.26,8.43,104.03,968,1.0,82.39,1,38.92
Linha_A,Tarde,Solvente_X,Esfera,4.98,40.4,63.16,4.68,6.72,124.42,1727,1.0,45.51,0,42.59
Linha_B,Tarde,Solvente_X,Esfera,6.42,35.22,55.92,2.99,6.71,113.97,2257,16.13,56.72,0,36.84
Linha_B,Manhã,Aditivo_Z,Esfera,5.6,54.34,67.19,4.0,7.7,129.07,1972,21.88,30.62,0,36.84
Linha_A,Tarde,Reagente_Y,Esfera,4.84,56.44,75.96,4.78,7.36,135.89,2416,19.41,64.19,0,43.58
Linha_C,Tarde,Solvente_X,Esfera,6.46,36.51,56.91,3.85,7.67,99.1,1326,8.39,40.34,0,40.87
Linha_C,Noite,Reagente_Y,Esfera,6.59,44.2,39.07,3.39,6.97,144.3,969,24.54,62.4,0,27.79
Linha_C,Tarde,Aditivo_Z,Esfera,5.73,,,3.89,7.09,112.39,1640,5.38,45.57,0,35.3
Linha_C,Noite,Aditivo_Z,Globo,5.14,50.58,58.65,2.63,8.04,127.76,1401,23.15,21.3,0,42.73
Linha_B,Manhã,Solvente_X,Globo,7.99,50.38,62.35,2.79,6.4,131.57,1468,6.31,53.97,0,48.98
Linha_C,Manhã,Solvente_X,Esfera,6.14,39.64,40.55,2.23,6.84,126.08,1938,11.54,53.3,0,41.03
Linha_A,Manhã,Solvente_X,Esfera,4.53,42.14,71.06,3.74,7.38,115.6,1473,18.47,65.22,0,53.36
Linha_A,Manhã,Solvente_X,Esfera,7.21,41.25,49.74,3.26,6.78,107.25,987,3.74,75.34,0,42.81
Linha_A,Noite,Solvente_X,Borboleta,4.94,29.05,28.18,2.49,6.56,112.08,1437,24.28,80.69,0,27.65
Linha_A,Tarde,Reagente_Y,Esfera,8.54,54.37,80.62,3.22,7.27,152.43,2021,11.49,64.96,0,51.56
Linha_B,Manhã,Solvente_X,Globo,5.88,35.86,78.59,3.92,7.7,98.95,2236,14.96,56.18,0,47.38
Linha_A,Tarde,Solvente_X,Borboleta,6.81,35.92,21.72,5.51,6.82,102.18,2230,22.14,30.59,1,26.68
Linha_C,Noite,,Esfera,3.72,40.8,47.87,4.51,6.8,101.21,2076,8.45,55.03,0,34.06
Linha_B,Noite,Solvente_X,Borboleta,4.52,49.96,47.17,0.89,6.51,120.99,1691,21.43,55.22,0,36.16
Linha_A,Noite,Solvente_X,Esfera,7.13,37.27,87.51,3.66,6.72,84.46,2063,25.48,49.02,0,53.11
Linha_B,Manhã,Reagente_Y,Borboleta,6.12,26.38,56.21,4.97,7.55,88.22,1772,9.41,61.49,0,35.65
Linha_A,Tarde,Solvente_X,Borboleta,7.84,34.9,31.07,1.93,6.95,112.26,1874,23.59,68.83,0,32.58
Linha_C,Tarde,Solvente_X,Borboleta,6.29,45.39,73.88,4.01,6.42,89.67,1189,1.68,39.72,0,48.43
Linha_A,Tarde,Reagente_Y,Borboleta,5.95,59.52,35.85,3.14,7.06,91.46,1829,16.73,39.49,1,27.54
Linha_C,Noite,Reagente_Y,Globo,7.51,31.92,53.31,4.67,7.53,89.83,2046,5.4,49.91,0,34.2
Linha_C,Manhã,Solvente_X,Globo,6.81,31.63,44.14,3.84,6.56,99.37,2022,20.6,42.77,0,33.64
Linha_A,Noite,Solvente_X,Borboleta,5.6,29.9,47.91,2.43,6.1,134.09,963,20.02,27.38,0,45.11
Linha_A,Noite,Solvente_X,Esfera,4.71,28.91,74.87,3.18,8.21,139.03,1863,28.54,37.05,1,49.44
Linha_C,Tarde,Aditivo_Z,Borboleta,3.43,51.65,85.38,3.24,6.07,160.22,861,23.95,33.52,0,55.62
Linha_B,Noite,Reagente_Y,Globo,5.36,53.96,35.06,3.26,6.68,159.41,1913,12.84,70.13,0,22.86
Linha_B,Tarde,Reagente_Y,Esfera,4.61,43.42,69.27,4.63,7.04,135.3,1344,6.43,77.54,0,35.43
Linha_C,Manhã,Aditivo_Z,Esfera,8.4,38.26,,2.47,6.74,140.61,2909,17.96,35.57,0,41.18
Linha_A,Tarde,Solvente_X,Esfera,5.15,56.33,45.37,4.5,6.86,120.88,1878,13.57,60.19,0,36.21
Linha_B,Manhã,Aditivo_Z,Esfera,5.12,43.39,66.83,3.07,7.25,129.44,2321,24.86,65.1,0,38.84
Linha_A,Tarde,Reagente_Y,Esfera,4.28,50.72,39.5,3.65,5.46,160.76,3172,1.0,29.62,0,31.36
Linha_C,Noite,Solvente_X,Esfera,5.53,37.87,66.47,3.48,6.14,126.17,1269,29.32,54.41,1,42.46
Linha_B,Noite,Reagente_Y,Esfera,5.14,,71.14,3.38,6.93,143.37,2083,17.72,90.0,0,37.97
Linha_A,Manhã,Aditivo_Z,Esfera,7.54,32.1,50.21,3.39,6.66,97.44,1029,8.31,62.16,0,42.68
Linha_A,Manhã,Reagente_Y,Borboleta,5.97,47.03,81.89,5.0,6.98,103.34,2024,19.14,48.32,0,44.19
Linha_A,Manhã,Aditivo_Z,Globo,5.79,43.53,35.09,4.33,7.04,124.87,2948,23.08,43.6,0,29.51
Linha_A,Tarde,Solvente_X,Esfera,5.67,34.84,82.22,3.0,5.63,121.3,1392,14.8,21.66,0,58.42
Linha_B,Tarde,Reagente_Y,Esfera,6.59,34.95,23.01,5.14,7.66,104.36,1224,1.65,59.06,0,24.74
Linha_B,Manhã,Solvente_X,Borboleta,5.35,54.93,100.0,3.7,6.6,170.96,1741,11.94,81.22,0,60.03
Linha_C,Noite,Aditivo_Z,Esfera,,57.77,50.69,3.79,6.38,121.8,3130,21.28,39.8,0,29.62
Linha_B,Tarde,Reagente_Y,Borboleta,7.41,40.29,37.08,2.48,7.03,108.26,2301,17.48,22.97,0,27.82
Linha_A,Tarde,Solvente_X,Borboleta,6.26,42.54,53.81,2.85,6.96,121.34,1212,12.9,42.04,0,41.95
Linha_B,Tarde,Solvente_X,Esfera,5.55,45.2,39.16,,7.62,118.56,2746,23.16,65.22,0,27.33
Linha_C,Manhã,Solvente_X,Globo,4.85,43.18,64.97,3.49,7.06,122.13,724,19.18,45.57,0,47.94
Linha_B,Manhã,Solvente_X,Esfera,5.52,28.61,82.62,4.1,7.59,82.94,3189,19.71,39.69,0,52.8
Linha_C,Manhã,Solvente_X,Globo,6.36,45.42,40.12,3.8,6.34,146.42,2357,11.13,52.29,0,36.62
Linha_B,Manhã,Reagente_Y,Esfera,4.27,25.3,68.43,5.15,6.99,147.67,2946,10.45,55.45,0,41.94
Linha_B,Manhã,,Borboleta,6.63,36.14,30.41,2.42,6.23,150.35,729,2.1,31.17,0,38.6
Linha_B,Noite,Reagente_Y,Globo,6.01,46.04,76.59,3.53,6.96,125.16,1910,12.18,48.74,0,40.51
Linha_A,Noite,Aditivo_Z,Globo,5.65,46.8,65.49,,6.83,132.57,1713,20.55,44.54,0,46.26
Linha_A,Manhã,Reagente_Y,Globo,5.14,35.52,77.37,2.39,6.81,98.94,1145,12.57,42.39,0,56.32
Linha_A,Tarde,Reagente_Y,Borboleta,5.32,38.33,55.8,4.79,6.81,136.32,958,17.12,36.74,0,37.1
Linha_B,Manhã,Aditivo_Z,Esfera,6.4,37.25,50.17,,7.34,123.54,2130,21.78,66.12,0,35.57
Linha_A,Noite,Solvente_X,Globo,5.67,41.18,72.69,2.52,5.94,107.87,2189,16.61,42.33,0,45.17
Linha_B,Noite,Solvente_X,Borboleta,5.3,41.79,34.46,1.06,6.36,137.02,2645,17.29,22.08,0,30.37
Linha_C,Tarde,Solvente_X,Borboleta,6.27,47.35,26.63,2.51,6.88,137.88,1473,4.5,55.96,0,35.73
Linha_A,Noite,Solvente_X,Globo,6.31,37.86,57.91,3.17,6.19,119.33,1708,11.74,62.88,0,51.4
Linha_B,Manhã,Solvente_X,Esfera,4.55,44.99,50.99,1.91,6.93,127.64,901,26.09,40.06,0,38.85
Linha_C,Tarde,Solvente_X,Borboleta,6.37,,67.97,3.11,6.87,95.3,2802,14.73,43.61,0,38.17
Linha_A,Manhã,Aditivo_Z,Esfera,8.3,43.59,77.65,4.8,6.06,145.35,1845,27.28,42.26,0,48.45
Linha_A,Manhã,Aditivo_Z,Globo,6.27,39.92,67.59,2.62,6.03,98.23,2270,8.94,46.8,0,47.3
Linha_A,Tarde,,Globo,4.1,43.45,,2.36,5.33,102.48,2293,15.64,68.6,0,52.94
Linha_A,Manhã,Solvente_X,Globo,5.98,48.01,63.78,2.16,6.17,119.37,2748,11.32,50.29,0,48.3
Linha_C,Noite,Solvente_X,Borboleta,3.97,48.71,66.9,2.14,6.91,142.52,1260,18.14,64.59,0,45.6
Linha_C,Manhã,Reagente_Y,Borboleta,8.97,56.52,55.9,3.99,6.99,142.51,2253,20.27,37.47,0,39.71
Linha_B,Tarde,Reagente_Y,Globo,8.04,34.08,66.37,3.45,7.02,117.89,1784,18.22,46.24,0,39.62
Linha_C,Tarde,,Globo,5.13,38.48,61.0,4.45,6.43,135.01,3169,21.29,66.31,0,38.42
Linha_C,Tarde,Solvente_X,Globo,3.55,29.09,63.85,5.62,6.89,80.84,1258,13.91,39.92,1,41.36
Linha_A,Manhã,Aditivo_Z,Globo,4.92,49.45,55.0,1.39,7.14,102.17,2561,12.67,67.18,0,38.7
Linha_C,Tarde,Aditivo_Z,Borboleta,5.62,39.32,72.56,3.82,6.14,102.62,2028,1.69,42.57,0,42.98
Linha_B,Tarde,Solvente_X,Esfera,4.04,43.65,45.21,2.17,6.97,145.55,1994,18.47,47.18,0,34.49
Linha_C,Manhã,Aditivo_Z,Esfera,5.73,37.17,57.67,4.27,7.29,132.4,1835,15.21,77.05,0,39.89
Linha_C,Noite,Reagente_Y,Globo,5.61,39.39,81.61,3.1,6.61,122.06,2675,13.52,45.46,0,46.25
Linha_A,Manhã,Reagente_Y,Esfera,5.93,51.79,40.92,3.43,7.54,124.2,1972,12.66,54.18,0,30.87
Linha_A,Tarde,Reagente_Y,Esfera,6.03,47.55,19.09,1.99,6.62,152.5,809,13.74,61.25,0,32.0
Linha_A,Tarde,Aditivo_Z,Borboleta,4.83,41.11,64.6,2.93,6.38,114.26,2593,12.35,55.4,0,44.67
Linha_B,Manhã,Reagente_Y,Globo,4.95,48.14,53.37,3.5,7.23,89.09,2474,10.3,55.83,0,33.65
Linha_C,Noite,Aditivo_Z,Borboleta,5.85,48.32,76.2,4.89,8.12,141.92,2182,15.68,51.15,0,47.1
Linha_C,Tarde,Aditivo_Z,Esfera,5.17,38.87,55.65,2.53,6.95,122.0,1066,17.39,32.47,0,38.72
Linha_A,Tarde,Reagente_Y,Globo,6.71,30.25,47.12,2.79,7.28,138.98,1167,8.61,57.22,0,39.05
Linha_B,Tarde,Aditivo_Z,Esfera,5.84,34.81,56.64,4.44,6.59,117.02,580,11.19,41.01,0,39.71
Linha_B,Manhã,Reagente_Y,Borboleta,7.67,,77.68,2.45,6.16,99.55,2099,12.57,63.64,0,42.87
Linha_A,Tarde,Reagente_Y,Borboleta,6.62,51.32,68.36,4.66,7.0,126.86,923,14.03,72.58,0,42.07
Linha_A,Noite,Reagente_Y,Esfera,6.9,52.7,14.19,3.39,7.09,118.22,683,13.1,24.92,0,23.61
Linha_A,Tarde,Solvente_X,Esfera,5.93,54.69,61.34,3.73,6.69,122.07,2629,18.62,72.61,0,45.26
Linha_C,Tarde,Reagente_Y,Borboleta,5.96,25.84,62.24,3.8,7.28,153.56,2299,2.43,45.83,0,44.24
Linha_A,Noite,Reagente_Y,Esfera,,50.57,57.67,2.72,6.51,93.83,1583,3.67,50.04,0,39.62
Linha_B,Tarde,Reagente_Y,Globo,5.42,59.7,47.0,3.83,6.36,124.29,1713,15.35,38.31,1,29.35
Linha_B,Manhã,Aditivo_Z,Borboleta,6.35,50.9,79.5,2.55,7.54,99.98,235,9.78,54.83,0,53.8
Linha_B,Manhã,Solvente_X,Globo,5.53,24.79,,,7.54,61.01,2396,20.19,53.0,0,51.54
Linha_C,Manhã,Reagente_Y,Esfera,5.53,56.15,18.34,4.01,6.52,116.92,1350,22.19,68.15,0,25.94
Linha_C,Noite,Reagente_Y,Globo,4.63,42.33,43.64,3.72,7.93,118.68,2015,15.64,40.88,0,29.97
Linha_A,Tarde,Aditivo_Z,Globo,5.06,40.14,55.39,3.32,6.73,131.72,182,6.5,76.91,0,49.83
Linha_B,Manhã,Reagente_Y,Esfera,4.87,45.61,75.07,2.02,6.95,113.21,2435,21.38,61.97,0,43.58
Linha_A,Noite,Aditivo_Z,Borboleta,6.39,33.61,58.63,2.29,6.85,85.24,1311,15.39,53.36,0,42.84
Linha_A,Tarde,Aditivo_Z,Globo,6.84,42.02,45.7,3.7,7.21,99.91,906,3.59,49.29,0,44.08
Linha_A,Noite,Solvente_X,Globo,5.71,54.96,70.77,4.21,7.06,146.97,1579,4.21,47.4,0,48.72
Linha_B,Manhã,Solvente_X,Globo,6.03,46.98,54.2,2.18,7.05,99.59,1412,24.62,48.38,0,36.49
Linha_B,Manhã,Reagente_Y,Esfera,5.65,42.47,55.89,2.48,6.29,152.83,2498,23.46,54.53,0,35.05
Linha_A,Manhã,Solvente_X,Borboleta,4.99,42.72,57.51,3.55,5.89,141.1,1527,1.0,48.87,0,44.44
Linha_A,Noite,Solvente_X,Esfera,6.66,32.55,68.34,3.52,7.59,111.01,2686,4.5,42.39,0,57.6694
Linha_C,Noite,Reagente_Y,Esfera,6.45,40.8,52.45,1.61,6.57,101.96,2015,21.99,54.62,0,37.37
Linha_A,Manhã,Solvente_X,Borboleta,3.91,28.93,70.37,3.58,6.87,141.05,2381,13.87,39.46,0,48.85
Linha_A,Noite,Reagente_Y,Esfera,5.52,50.18,56.68,2.74,7.1,112.7,1799,18.91,56.84,0,35.81
Linha_B,Manhã,Reagente_Y,Globo,4.92,24.51,38.79,5.21,7.88,84.0,2627,13.57,48.65,1,24.54
Linha_C,Manhã,Reagente_Y,Globo,5.41,48.84,57.34,3.67,7.0,130.37,1050,18.58,62.45,0,40.35
Linha_A,Tarde,Reagente_Y,Esfera,5.13,49.84,39.73,3.86,6.66,127.18,1874,14.04,66.84,0,31.27
Linha_B,Noite,Reagente_Y,Esfera,5.75,52.55,58.74,3.89,6.59,143.03,1542,10.94,66.83,0,36.04
Linha_C,Manhã,Solvente_X,Esfera,5.47,42.69,72.93,2.06,6.88,125.69,2708,21.41,56.77,0,46.7
Linha_A,Manhã,Reagente_Y,Borboleta,5.45,49.33,38.67,5.54,6.35,105.92,2774,15.41,58.52,1,28.02
Linha_B,Noite,Reagente_Y,Esfera,6.91,40.72,64.56,1.61,6.92,145.93,1800,18.57,47.16,0,45.42
Linha_B,Tarde,Aditivo_Z,Esfera,6.36,32.51,43.08,4.28,6.87,148.07,961,15.1,62.16,0,38.41
Linha_B,Tarde,Reagente_Y,Esfera,5.1,54.25,61.63,4.08,7.88,123.13,2078,10.6,63.86,0,30.61
Linha_B,Manhã,Aditivo_Z,Esfera,5.24,41.22,73.48,2.88,6.85,119.33,718,25.26,28.49,0,45.67
Linha_B,Noite,Reagente_Y,Borboleta,6.29,30.72,19.67,,5.75,88.89,2857,16.48,57.68,0,18.0
Linha_A,Tarde,Solvente_X,Esfera,6.29,38.27,37.94,3.05,8.5,104.63,1492,11.51,72.52,0,35.36
Linha_C,Noite,Aditivo_Z,Globo,5.2,38.58,51.36,2.66,7.47,134.74,1780,22.95,46.66,0,38.59
Linha_A,Noite,Solvente_X,Borboleta,5.57,45.69,63.67,3.92,8.15,105.74,1357,4.75,43.38,0,45.85
Linha_A,Manhã,Solvente_X,Esfera,7.65,60.78,55.01,2.29,6.21,85.95,1214,29.65,45.7,1,42.5
Linha_A,Tarde,Solvente_X,Esfera,5.21,46.18,57.17,3.15,6.77,190.0,2279,12.75,29.43,0,46.58
Linha_B,Manhã,Reagente_Y,Esfera,7.71,43.65,94.77,2.75,7.3,85.81,1697,5.12,53.89,0,54.68
Linha_B,Tarde,Reagente_Y,Esfera,6.9,61.65,36.18,3.03,7.22,167.65,1828,27.34,52.45,1,27.07
Linha_A,Tarde,Solvente_X,Borboleta,7.53,49.83,78.44,3.88,7.08,111.24,1147,10.76,54.96,0,55.33
Linha_B,Tarde,Aditivo_Z,Globo,5.17,44.03,51.7,2.75,5.58,116.14,2356,15.7,58.24,0,29.28
Linha_A,Tarde,Solvente_X,Esfera,5.63,38.16,67.89,3.19,5.87,103.21,2423,19.02,40.03,0,46.23
Linha_B,Tarde,Solvente_X,Globo,5.35,44.53,96.32,2.85,7.81,135.22,1664,22.29,56.1,0,61.85
Linha_A,Noite,Solvente_X,Borboleta,6.93,41.47,70.4,4.99,7.92,86.32,2624,16.1,58.65,0,44.85
Linha_B,Manhã,Solvente_X,Globo,5.23,42.73,64.7,3.78,6.84,77.51,1732,9.47,44.67,0,39.35
Linha_B,Noite,Reagente_Y,Borboleta,6.53,52.52,86.78,3.64,7.73,153.42,2307,15.53,58.3,0,43.17
Linha_C,Tarde,Reagente_Y,Esfera,6.48,37.68,78.25,4.15,6.29,100.31,745,11.06,53.21,0,49.62
Linha_A,Manhã,Reagente_Y,Borboleta,5.75,46.11,43.61,2.75,6.42,134.41,2030,15.74,42.53,0,27.34
Linha_A,Tarde,Solvente_X,Borboleta,7.1,49.59,63.3,4.35,6.24,94.12,1624,25.4,56.24,0,45.52
Linha_A,Manhã,Solvente_X,Borboleta,5.91,36.7,27.09,3.78,6.39,133.59,1901,19.29,47.64,0,34.19
Linha_C,Noite,Solvente_X,Borboleta,,35.42,48.28,1.68,7.33,155.04,1872,15.45,62.46,0,45.02
Linha_C,Manhã,Aditivo_Z,Esfera,5.31,40.8,63.65,1.83,6.38,106.4,1882,19.17,48.41,0,40.41
Linha_A,Manhã,Solvente_X,Esfera,5.08,38.31,47.16,2.77,8.24,75.46,2200,19.67,32.65,0,36.35
Linha_B,Manhã,Reagente_Y,Globo,6.53,51.22,62.92,1.95,7.18,155.15,1433,6.45,56.0,0,35.35
Linha_C,Manhã,Aditivo_Z,Globo,6.23,33.99,57.76,3.14,7.55,138.38,2170,14.29,55.44,0,41.2
Linha_B,Manhã,Reagente_Y,Esfera,6.04,42.55,67.66,2.28,7.19,107.58,2601,31.94,35.78,1,36.73
Linha_B,Tarde,Aditivo_Z,Esfera,5.46,62.37,50.36,3.29,7.63,113.21,883,22.49,63.26,1,27.62
Linha_A,Manhã,Solvente_X,Esfera,7.35,45.3,41.08,4.95,6.38,93.57,1293,10.48,62.47,0,35.93
Linha_A,Manhã,Aditivo_Z,Esfera,4.68,46.63,84.61,3.35,7.77,149.25,1320,9.78,38.95,0,51.54
Linha_C,Noite,Reagente_Y,Borboleta,4.63,51.29,49.08,3.07,6.98,106.24,1090,9.54,42.11,0,30.42
Linha_C,Manhã,Reagente_Y,Esfera,6.74,38.3,69.88,3.83,7.63,86.79,1491,20.06,49.87,0,45.09
Linha_B,Noite,Solvente_X,Borboleta,6.66,33.35,83.83,2.63,6.04,122.7,2472,25.25,40.62,0,51.0
Linha_A,Tarde,Solvente_X,Borboleta,6.15,43.41,60.93,4.33,7.01,99.08,2741,18.08,61.61,0,43.76
Linha_A,Manhã,Solvente_X,Borboleta,5.51,44.12,42.59,3.94,6.99,95.34,1869,15.1,54.23,0,36.88
Linha_B,Noite,Reagente_Y,Esfera,6.3,29.05,54.79,3.44,6.53,108.54,1589,10.89,35.6,0,38.7
Linha_C,Noite,Aditivo_Z,Borboleta,7.52,45.0,76.32,3.57,7.09,119.9,2322,16.31,39.66,0,44.96
Linha_C,Tarde,Reagente_Y,Borboleta,8.32,50.56,61.71,5.65,7.82,87.62,263,8.26,69.82,1,35.28
Linha_C,Manhã,Solvente_X,Borboleta,4.14,34.7,36.31,4.44,6.48,148.47,1114,1.0,75.03,0,36.6
Linha_B,Manhã,Aditivo_Z,Globo,5.38,45.48,68.74,5.82,7.48,132.9,291,25.46,60.08,1,39.29
Linha_A,Noite,Solvente_X,Esfera,5.32,49.14,71.85,3.99,6.22,109.96,1107,6.96,48.83,0,50.05
Linha_A,Manhã,Solvente_X,Esfera,7.43,46.69,51.6,1.78,8.17,98.13,1301,11.73,45.4,0,43.39
Linha_C,Noite,Solvente_X,Globo,3.32,47.45,68.98,3.11,7.37,116.04,2760,18.59,60.25,1,45.68
Linha_B,Manhã,Reagente_Y,Esfera,6.31,40.04,62.41,1.53,7.94,137.79,120,24.04,53.14,0,44.5
Linha_A,Noite,Solvente_X,Borboleta,5.54,32.98,54.45,3.98,7.3,134.38,1529,15.8,27.85,0,45.36
Linha_A,Manhã,Reagente_Y,Borboleta,7.44,38.42,34.72,4.22,7.13,141.29,2203,5.64,67.48,0,28.73
Linha_B,Tarde,Aditivo_Z,Globo,7.3,37.31,77.4,2.43,7.38,107.43,2067,11.89,72.19,0,52.13
Linha_A,Manhã,Solvente_X,Borboleta,6.17,41.36,71.67,2.68,6.82,60.0,2750,9.25,63.06,0,49.14
Linha_A,Manhã,Reagente_Y,Esfera,4.22,,68.51,3.56,5.93,145.45,1905,13.73,35.63,0,42.31
Linha_B,Tarde,Solvente_X,Borboleta,5.23,31.51,85.8,2.08,7.17,114.32,2043,22.62,42.45,0,51.16
Linha_B,Manhã,Solvente_X,Borboleta,5.34,43.15,75.01,2.0,6.45,238.788,605,1.0,24.13,0,51.22
Linha_B,Tarde,Reagente_Y,Esfera,4.47,33.49,70.36,11.424,6.24,154.72,1158,11.12,75.94,0,44.32
Linha_A,Manhã,Solvente_X,Esfera,6.95,36.08,18.16,3.53,7.28,171.56,641,10.61,46.65,0,46.96
Linha_B,Noite,Reagente_Y,Borboleta,4.35,46.47,,2.79,6.73,103.7,2172,5.2,87.0,0,36.53
Linha_A,Noite,Reagente_Y,Esfera,7.77,32.48,59.5,1.54,7.52,120.95,2027,18.1,81.33,0,37.3
Linha_A,Manhã,Reagente_Y,Globo,,47.87,63.62,4.34,6.43,148.07,2004,4.1,38.45,0,47.04
Linha_B,Manhã,Reagente_Y,Borboleta,5.41,31.18,63.75,2.65,6.62,99.43,1227,4.9,41.38,0,37.08
Linha_B,Manhã,Reagente_Y,Esfera,6.13,47.34,71.93,5.45,7.59,105.19,1168,19.96,58.99,1,41.58
Linha_C,Noite,Reagente_Y,Borboleta,5.73,29.6,78.2,4.35,7.07,105.06,1936,24.5,25.68,0,44.97
Linha_B,Manhã,Reagente_Y,Esfera,6.7,37.06,69.42,2.51,6.01,117.38,1365,13.47,45.43,0,43.2
Linha_B,Noite,Solvente_X,Borboleta,7.07,57.17,66.56,2.61,7.05,113.16,1137,5.48,43.93,0,45.09
Linha_A,Tarde,Solvente_X,Globo,6.06,55.67,62.17,5.29,7.79,104.94,1470,9.06,79.77,1,43.49
Linha_B,Noite,Aditivo_Z,Borboleta,6.27,38.7,10.0,3.31,6.61,96.75,1371,21.06,54.42,0,22.75
Linha_A,Noite,Reagente_Y,Borboleta,5.18,45.12,52.82,2.84,7.26,135.86,1237,14.82,47.73,0,30.65
Linha_A,Tarde,Solvente_X,Globo,6.24,51.63,41.05,3.43,6.39,147.43,1003,13.29,42.53,0,41.65
Linha_C,Noite,Reagente_Y,Esfera,5.96,47.45,79.79,2.83,6.82,150.62,2092,16.19,65.41,0,50.93
Linha_B,Manhã,Solvente_X,Borboleta,4.89,,69.14,3.67,7.55,107.42,2811,13.74,44.55,0,36.61
Linha_C,Manhã,Aditivo_Z,Esfera,5.79,36.01,49.75,3.32,7.03,136.78,1775,24.82,51.25,0,35.82
Linha_B,Noite,Solvente_X,Globo,5.42,48.94,51.56,4.36,7.67,123.2,1945,8.76,42.41,0,37.53
Linha_C,Manhã,Solvente_X,Esfera,5.19,51.05,50.91,2.97,7.16,105.45,2149,7.95,29.24,0,39.1
Linha_B,Noite,Solvente_X,Esfera,4.65,55.73,50.59,2.43,8.23,134.15,2038,4.32,37.06,0,37.54
Linha_B,Manhã,Reagente_Y,Borboleta,5.86,28.5,32.0,3.02,5.96,104.43,1250,10.22,44.47,0,26.14
Linha_B,Manhã,Aditivo_Z,Esfera,5.02,31.98,28.1,3.01,6.77,109.72,2918,6.36,48.05,0,31.36
Linha_A,Noite,Solvente_X,Esfera,5.33,51.3,58.52,3.31,6.25,87.71,1308,15.53,48.71,0,40.98
Linha_B,Manhã,Aditivo_Z,Globo,6.88,29.59,77.36,4.1,6.29,107.79,2221,14.15,50.67,0,50.89
Linha_A,Noite,Solvente_X,Esfera,6.43,51.91,48.32,4.04,6.3,123.58,2145,6.45,44.67,0,39.15
Linha_A,Manhã,Aditivo_Z,Esfera,4.82,40.28,63.46,4.72,7.0,152.52,527,18.12,72.24,0,46.12
Linha_B,Manhã,Solvente_X,Globo,6.15,37.83,71.22,2.51,7.04,110.22,1567,24.62,66.22,0,49.24
Linha_A,Tarde,Solvente_X,Borboleta,5.93,43.64,40.12,3.83,7.16,95.16,1837,16.5,49.97,0,34.56
Linha_C,Tarde,Reagente_Y,Esfera,7.5,31.24,57.64,4.2,6.23,150.94,1887,1.0,55.81,0,37.59
Linha_C,Noite,Aditivo_Z,Esfera,7.18,48.59,46.0,2.66,6.71,106.9,1996,27.91,46.42,0,37.27
Linha_C,Tarde,Aditivo_Z,Borboleta,4.27,55.52,86.91,3.17,6.32,79.54,2292,19.23,15.0,0,51.33
Linha_B,Noite,Reagente_Y,Esfera,6.66,48.96,86.12,1.48,7.46,217.674,1795,27.69,52.31,0,42.17
Linha_A,Tarde,Aditivo_Z,Borboleta,7.07,40.03,40.14,4.4,6.38,110.85,2031,21.64,56.58,0,30.91
Linha_C,Manhã,Solvente_X,Esfera,6.36,29.7,64.95,3.16,6.77,168.61,1771,23.03,27.81,0,53.41
Linha_B,Noite,Aditivo_Z,Globo,,30.0,77.22,4.29,7.24,128.46,1139,15.44,59.49,0,43.65
Linha_C,Noite,Reagente_Y,Esfera,8.21,31.36,73.27,3.63,6.53,114.78,1821,12.16,47.79,0,48.52
Linha_C,Manhã,Reagente_Y,Esfera,6.45,41.9,59.47,3.2,7.32,97.66,2287,16.61,57.07,0,35.75
Linha_C,Noite,Aditivo_Z,Borboleta,7.78,42.91,81.52,1.65,7.86,125.26,2521,9.04,48.24,0,56.08
Linha_A,Noite,Reagente_Y,Globo,7.15,48.95,41.72,1.84,7.01,150.05,2149,17.04,70.76,0,33.9
Linha_B,Tarde,Reagente_Y,Globo,6.26,27.63,52.54,0.55,7.44,124.86,2667,1.0,55.39,0,35.58
Linha_C,Noite,Reagente_Y,Globo,5.22,52.49,42.2,2.78,5.66,99.36,2072,14.3,67.04,0,28.81
Linha_A,Manhã,Aditivo_Z,Globo,5.78,47.56,72.08,5.91,6.64,129.85,2362,23.41,68.27,1,44.33
Linha_A,Tarde,Solvente_X,Borboleta,,39.39,47.51,1.98,7.01,116.93,2409,14.66,35.21,0,36.78
Linha_B,Tarde,Aditivo_Z,Globo,4.59,32.48,54.92,0.51,6.27,127.87,1655,26.09,40.91,0,47.0
Linha_C,Manhã,Reagente_Y,Esfera,6.45,51.99,69.12,4.46,7.02,110.19,2272,12.15,58.77,0,36.41
Linha_B,Manhã,Solvente_X,Esfera,7.37,39.6,70.57,6.0,7.54,109.68,1189,21.02,46.52,1,39.25
Linha_B,Tarde,Reagente_Y,Esfera,5.5,41.84,41.67,3.73,5.77,108.81,2027,7.85,48.42,0,32.21
Linha_A,Noite,Reagente_Y,Borboleta,7.96,45.07,77.02,3.72,6.19,138.73,2175,20.73,71.3,0,43.13
Linha_B,Manhã,,Borboleta,6.63,36.14,30.41,2.42,6.23,150.35,729,2.1,31.17,0,38.6
Linha_A,Manhã,Reagente_Y,Borboleta,7.45,66.84,64.58,2.86,6.19,145.96,3288,13.74,40.49,1,38.0
Linha_C,Manhã,Reagente_Y,Borboleta,8.97,56.52,55.9,3.99,6.99,142.51,2253,20.27,37.47,0,39.71
Linha_B,Manhã,Solvente_X,Globo,5.53,24.79,,,7.54,61.01,2396,20.19,53.0,0,51.54
Linha_A,Manhã,Aditivo_Z,Globo,5.78,47.56,72.08,5.91,6.64,129.85,2362,23.41,68.27,1,44.33
Linha_A,Manhã,Solvente_X,Globo,5.98,48.01,63.78,2.16,6.17,119.37,2748,11.32,50.29,0,48.3
